target,toi,score_physics,score_all,too_big,weaker_than_training,period_days,duration_days,depth_ppm,snr,snr_red,n_transits,sectors,planet_radius_re,st_rad,st_tmag,st_teff,shape_ratio,odd_even_sigma,duty_cycle,secondary_ratio,red_noise_beta,depth_chi2,duration_ratio,centroid_source_offset_px
TIC 470127886,2031.01,0.9838309523809524,0.9981333333333334,False,False,5.715353423049347,0.144,12219.94760943934,189.0729830627016,189.12070659591555,10.0,58 59 60,14.28474487134423,1.18444,10.7609,6664.0,0.87700570977911,0.8692476484099992,0.0251952922839845,-0.0029416069571502,1.0019717212197838,1.4703462263813,1.0061013631398683,0.2288783044329466
TIC 146172354,1036.01,0.9782507936507936,0.8457873015873016,False,False,3.779531733489428,0.132,2741.9247184984342,61.22612568449605,61.386401386418974,18.0,63 90 100,6.741158232376777,1.18,10.2855,5771.0,0.8342123127452761,1.5263430256702637,0.0349249614258779,0.0103930024648452,0.9940488264416044,1.4382988306785682,0.9592501910054544,0.4763728776860511
TIC 341420329,1019.01,0.9760277777777776,0.7728733044733048,True,False,5.234291963510638,0.12,20501.366976453104,269.74425483752606,278.5944733773079,12.0,34 35 36,24.400882351125382,1.56203,10.6348,7645.0,0.8477947835092402,0.7168352615169075,0.0229257368210534,0.0015610942339181,0.969949985044115,1.0540798858072693,0.7070716734204733,0.1224004580675248
TIC 186936449,2665.01,0.9676492063492066,0.7611292929292924,False,False,2.845647806820467,0.108,2683.158599872448,53.73003518461648,49.73070221852638,17.0,62 89,7.346682561123064,1.3,10.3716,6112.0,0.862372686296146,0.2755484787769419,0.0379526938439623,0.0181649905864999,1.0790713502785172,0.8393837075034335,0.8100532203147381,0.1313655130717185
TIC 257241363,1718.01,0.9634095238095238,0.8470921855921856,False,False,5.587046675361157,0.12,1830.7476245824628,88.57537328915907,82.90349825878299,11.0,44 45 46,4.388002272724308,0.94,8.2558,5378.0,0.8004299081992681,1.2619026306517942,0.0214782526391267,-0.006364404248893,1.0664806689134108,0.9335424583049547,0.9265648608224236,0.6260584585933789
TIC 53875855,1491.01,0.9617255411255412,0.8032665945165947,False,False,4.490280935126084,0.12,2506.080294264357,43.08564364484167,43.55535536210493,10.0,57 84,6.7178043741937135,1.23,10.3996,5899.0,0.8361642940939827,0.7715000082515333,0.0267243857864831,-0.0026029251086982,1.0150078554138011,1.3356248465658067,0.7996863235430542,0.3541219031155285
TIC 160432093,5971.01,0.9590801587301588,0.9629309523809524,False,False,3.991435549484682,0.156,9081.78913525448,135.44140960674795,136.63137463715378,13.0,56 82,18.21200626508294,1.75165,10.9852,6528.05,0.8757351507079493,0.6047627811003927,0.0390836825663239,-0.0067705198222184,0.9904757632610468,0.36715966397377,0.817894104629329,0.1418981981254717
TIC 182405015,6105.01,0.956818686868687,0.962259451659452,False,False,3.1122999690696367,0.084,14025.969204170984,221.3155805666925,220.036713780564,22.0,61 62 88,14.480918267863457,1.1207401,10.8235,6176.8,0.8347759424131279,0.9467273177160666,0.0269896863524727,0.0025920105613874,1.0200105022597885,0.9282605627285098,0.7665640777976086,0.0075654636142757
TIC 203377303,3493.01,0.9558707570207572,0.8302841269841272,False,False,8.159484034898083,0.176,743.1833541579058,28.774404189602954,30.466683921089,7.0,37 64 91,3.6032940523993617,1.2115099,8.7028,5860.0,0.8630332973925445,2.003291188014188,0.0215699913434781,0.0087260589836517,0.9511011484981154,1.5043371166530226,0.9710033851397014,3.970733300985687
TIC 114018671,1011.01,0.9516873015873016,0.8786738095238098,False,False,2.4705075640590035,0.096,262.7457059739546,19.560589528054106,19.77365098102545,29.0,34 61 88,1.662342153264625,0.94,8.2388,5413.7,0.8682730948192985,3.23196614096366,0.0388584116869788,-0.0102128273091283,1.006330956769668,1.434008689379026,0.9729664164623638,2.273256896659725
TIC 427730490,2040.01,0.9492595238095236,0.9765904761904765,False,False,3.860869745161209,0.096,13520.215548420978,180.70340230801105,171.6145323666791,15.0,58 85 86,11.670901015025391,0.92,10.8407,5019.0,0.8266928510111643,1.797761604611911,0.0248648637059864,0.0009742988120343,1.080108201150797,2.026267917094054,0.8252360751275569,1271.4118206792753
TIC 34297761,3365.01,0.9423825396825398,0.925246031746032,False,False,5.392832191709946,0.132,7719.31124467895,110.43852442296334,101.52721000698943,15.0,89 90 99,12.633476580767876,1.3179801,10.8467,5970.0,0.8665542512009736,1.2950070612995583,0.0244769344395538,0.011734288288745,1.0831024422383522,2.969171166752884,0.7782694366247422,363.7064894568617
TIC 88684250,990.01,0.9238647186147184,0.837701587301587,False,False,4.587373382716568,0.176,3306.986411874768,83.7156442278355,74.06633941984403,12.0,61 88 99,11.669544380833663,1.86,10.0998,8388.0,0.8485780222687712,0.4210209072036758,0.0383661815415111,0.0129124302423217,1.1286546251247742,1.253994789899166,0.9615051628900748,0.7317384050830272
TIC 67881560,6018.01,0.9237841269841272,0.8799756854256856,False,False,2.332351367671505,0.064,481.2262484892304,8.57412903731592,8.74462970044411,19.0,57 84,1.6967269125576938,0.708945,10.3337,4983.53,0.912274967612154,0.2690942820282843,0.027440119395001,-0.0568132931416109,1.0020113856772754,1.1285655633602885,0.8408704638652851,1.2828257516873398
TIC 407059875,2026.01,0.92328253968254,0.924899206349206,False,False,7.192622229023899,0.108,1079.1410446442385,11.316867998556967,11.408412584134002,6.0,58 78,2.7596536619213934,0.77,10.5782,5050.0,0.8919132362897592,0.9006859136935815,0.0150153861222121,-0.0469863176863898,0.996530794397393,2.488593981572599,0.9052372036998644,2.3962704187194808
TIC 57093805,3344.01,0.9209119047619048,0.8435714285714285,False,False,3.225820991302013,0.12,12568.866758529415,105.51358119128642,87.48292143069162,18.0,91 92 93,15.77838402685568,1.29,10.9308,5488.0,0.8589686310298887,1.6602429126566964,0.0371998323290609,-0.0033680479340871,1.2039438016813848,2.010562601784424,0.8201674932364711,0.0456453675182544
TIC 11936042,2807.01,0.9208833333333336,0.9042952380952384,False,False,3.991931707490063,0.12,493.5453688822422,14.680078969649689,14.101673664179517,16.0,62 89 99,2.76307798426681,1.14,9.6854,5645.0,0.963220852975712,0.1232954102371675,0.0300606344980411,-0.0734970939799563,1.0393819963895177,0.8346080432090408,0.8728706530343058,5.689064121188349
TIC 354173595,5974.01,0.9146006493506492,0.9268515151515152,False,False,1.7267049605477414,0.04,1087.3269815573349,14.279032811753304,14.307223334071317,36.0,70 83 92,1.3371455993502082,0.371684,10.8221,3487.0,0.897764612122981,1.5075291381462768,0.02316550940313,0.0400369853686488,0.9841556231704848,1.0934047756643224,0.8415513505218865,1.1457821768683931
TIC 85429139,4015.01,0.9117880952380952,0.9468833333333332,False,False,4.742730936182486,0.12,12540.037512149382,132.9732070549565,126.60430633294833,12.0,52 59 73,18.448077554595216,1.51,10.767,5947.0,0.8502214893646209,1.619988614985156,0.0253018780982313,0.0089674553918498,1.04856322794367,3.361681294801961,0.6436415404023588,0.1675617693554721
TIC 468880077,438.01,0.9115396825396828,0.944599206349206,False,False,5.812517940087894,0.076,800.7715606366262,16.08623844398141,14.626134461966604,10.0,42 43 44,2.4601348773688096,0.796856,9.4464,5210.8,1.0357372474666413,0.9281766687881676,0.0130752284609466,-0.0335755991270642,1.092813786345074,0.9569452708200584,0.6709603225097772,3.0760179547620963
TIC 420049884,462.01,0.9071942279942284,0.6359904761904766,False,False,4.107394878796291,0.108,827.9732693279307,13.41289925127702,12.376297060947802,15.0,31 70 71,4.082817447680271,1.30055,10.6573,5205.0,0.9898282482856944,1.5519028359016738,0.0262940387245285,-0.0002881078320477,1.084731579318021,1.7827055826228415,0.8287124870713009,3.1662797057293264
TIC 139148528,4315.01,0.9030664502164508,0.8703634920634918,False,False,8.286165229963881,0.132,544.2863095800332,9.148762660397551,9.15916391657754,8.0,95 96 105,2.326948644832235,0.914215,10.2768,5809.0,0.9527530686752068,1.565460202427393,0.0159301674944485,-0.0318879144613313,0.992450198467019,1.7820245235715764,0.9795228801096322,3.5527797170663304
TIC 53287554,5172.01,0.9005222222222224,0.9178119047619048,False,False,4.726950221066858,0.096,1403.864340175698,14.950568259348136,13.73763116018068,7.0,46 91,2.89257316186097,0.707615,10.648,4570.0,0.8425094972075617,0.3426041813225201,0.0203090778430776,0.0323645534964544,1.0891106623571158,1.0227502518827296,0.9561950934819384,11.895171160766996
TIC 158697949,4204.01,0.8976646464646468,0.8143451659451661,False,False,3.962528130948693,0.12,3245.10270414502,34.64025024763646,30.642498499078,9.0,98,8.638807049443903,1.39,10.9786,7068.0,0.80704823870061,1.1390822124644926,0.030283696679087,-0.0086968101202388,1.1568935113241663,1.799623799039445,0.838140494764332,1.1659283066055093
TIC 459735346,5808.01,0.8963785714285715,0.922176984126984,False,False,7.170176310427315,0.12,679.9590253606658,18.867251729598344,16.114733247533366,6.0,55 82,2.674200560796956,0.94,8.9415,5707.0,0.9805429919739228,0.6191264471796462,0.0167359901353455,-0.0838787505192129,1.1633551878314172,2.213420796391163,0.8792114072616409,1.0606691508796802
TIC 68646526,4611.01,0.8932087079587081,0.8880072871572873,False,False,5.228962565529859,0.132,307.4927704038721,11.614242718499234,11.936942070620276,12.0,43 44 71,2.448793562562821,1.28,9.02078,6213.0,0.8398518108900644,1.2130446555003291,0.0252440131949241,0.0407172486002262,0.96965447509368,0.6564746699591384,0.8314383671296276,0.7269109532985076
TIC 67772767,939.01,0.8881871572871576,0.8670285714285717,False,False,7.610605536681672,0.164,5790.914817205062,54.39410734575067,55.950090279963455,4.0,32,12.702516558701944,1.53,10.9335,6159.5,0.8577228861217072,1.5311163611877174,0.0215488766576524,0.0164543201625402,0.9711455211295984,2.959932479587254,0.7596349380847512,0.914440737426966
TIC 276128561,829.01,0.8873750915750915,0.6707920634920637,False,False,3.287782442447424,0.084,1637.013900048334,24.819109726743008,23.52330297556937,17.0,11 38 102,4.188557825128946,0.948885,10.5623,5636.0,0.9930414811496472,0.6441639443655021,0.0255491357686886,-0.0322757229397127,1.0503044040179157,3.2164506167791824,0.7213372601274444,0.8941180376427754
TIC 288132261,1258.01,0.8872473443223441,0.7526587301587305,False,False,10.26118565486601,0.2,843.0492998480199,28.5962365387372,29.363845994601053,7.0,20 21 26,4.719951162786642,1.49,9.13619,6124.0,0.9031145361614488,0.0035002462679369,0.0194909249990187,-0.0043063589297063,0.9805983547556804,2.078521413412971,0.8550733191451887,3.474563213429336
TIC 62085710,6677.01,0.8867674603174605,0.6453603174603174,False,False,5.450817119846017,0.176,1426.5133347755032,28.793731629193964,28.1847189518967,12.0,94 104 105,6.469374924404127,1.57,10.4679,6760.0,0.8069000255069969,1.9013143350759445,0.0322887369233499,-0.0594392293830311,1.0284472726512883,1.5181013768721767,0.953213557931587,0.552267253367041
TIC 86951294,4596.01,0.8864793650793654,0.861568326118326,False,False,4.119438600280441,0.084,676.2057511666696,19.01318645109456,15.61874052170003,16.0,43 71 72,2.780291015953761,0.98,9.2564,5598.0,0.8632426013311061,1.5808176011662352,0.0203911280518373,0.0100238239261309,1.2446271201857078,4.046978563714867,0.7026232992461688,5.0267636649566665
TIC 281575427,205.01,0.8862267676767674,0.840755772005772,False,False,4.253511613820403,0.12,291.0573879163492,8.77065564109837,8.88367980604673,15.0,102 103 104,2.6988706259552937,1.45,9.4525,6222.5,0.8930416160560615,1.0564363254067444,0.0282119836255058,-0.0448480364878487,1.0212593849313132,1.2016170017037813,0.6460617090521606,16.408332435045683
TIC 116048097,6080.01,0.8860841269841272,0.710381746031746,False,False,8.055744744845548,0.132,933.3513857721076,11.978467141842009,10.882426214424529,7.0,40 52 53,3.540443960472508,1.06221,10.5912,5680.0,0.8742167690802213,0.3236860757931689,0.0163858220662291,-0.0465891178992604,1.096931919394392,1.2901548550215889,0.8208362633572768,2.8116544649551605
TIC 284206913,3972.01,0.878447619047619,0.7853956709956708,False,False,10.51139039549632,0.12,15306.427685057412,134.78813594919788,126.11657361818855,5.0,58 78 85,12.417938364923186,0.92,10.7486,5908.0,0.8279929847264248,1.8644905590229337,0.0114161871536438,0.0170351454453859,1.060865938647639,1.2212759369935895,0.8038281525834213,0.085263957592622
TIC 197807778,4402.01,0.8757452380952387,0.7168314574314575,False,False,3.698965624589793,0.132,212.5681418144732,6.882019063642784,7.155330514947078,17.0,2 3 4,1.829530484128961,1.15018,9.8429,5811.0,0.878633423507446,0.2103193741852839,0.0356856519894365,-0.1458124290556125,0.9638489828826134,0.8681904087630213,0.9922319178268184,7.605432318804404
TIC 4165850,5160.01,0.8738134920634921,0.8643968253968252,False,False,4.281160300088724,0.084,585.8214998084587,10.319166594707738,10.18647501382895,13.0,44 45 46,2.719847965660718,1.03,10.187,5653.3,0.9996831787393998,1.0481848732082433,0.0196208490483897,0.046071912846028,1.0113198094547229,1.336885892538772,0.6616236369293714,5.907607865569297
TIC 73232401,7851.01,0.8736775613275615,0.6264107503607506,False,False,11.007434098541951,0.144,1658.4446735206093,22.499660213679565,23.704328622275906,5.0,10 100 101,4.16805246001144,0.938119,10.2429,5567.0,0.803613631254377,0.7362246962509298,0.0130820678743899,0.0249872424829126,0.9731170808995236,1.084954525751329,0.9045636141670944,0.9927266297509156
TIC 159815224,2174.01,0.8683333333333338,0.5629227272727272,False,False,2.960193679268225,0.096,864.5351632048381,16.75587990024757,16.50218646141009,23.0,40 52 53,4.266460435016384,1.33,10.5817,6069.0,0.9399568086120794,1.3701165725114488,0.0324303104463528,-0.0446242810756527,1.019637378152257,1.6201390659088497,0.68920000935133,1.3823246826838442
TIC 441797803,1302.01,0.8669595238095236,0.9378380952380956,False,False,5.666968176796736,0.132,8865.201544080881,119.63526176693723,107.42770357418696,8.0,47 48 49,15.100328388647004,1.47,10.6724,6530.0,0.8940340085949449,1.5709432996663752,0.0232928782872772,0.0180452785792582,1.1138443698263916,1.912495183721669,0.7325138816412295,0.1392931422324423
TIC 25799609,963.01,0.8652142135642138,0.7962079365079365,False,False,11.117839979679092,0.156,5724.061453083351,59.30321360488568,48.919805265074544,6.0,34 61 88,8.800336509550934,1.06616,10.6412,5814.9,0.8742714603546543,1.724718982798804,0.014031502547719,-0.0324720695172228,1.213877808319139,1.882941949073745,0.8769502604777732,1.432054071716088
TIC 118914286,6099.01,0.8650888888888892,0.9258531746031748,False,False,5.288689217331718,0.084,592.8220007708208,11.260352201594928,10.982848085671655,8.0,89 99,1.9922698855663727,0.75,9.4499,4610.0,0.9395179706957676,0.2588399112635696,0.0158829525706901,-0.1302724073264444,1.026759477230362,2.0483901402562874,0.7631457328436255,15.47435365853857
TIC 55275863,5515.01,0.8644850649350648,0.8663873015873016,False,False,8.59288152776986,0.132,856.342460719417,11.35749543618469,12.11961901730026,7.0,44 45 46,2.6680228069655567,0.835682,10.5182,5494.0,0.81412843427462,0.1736294171866496,0.0153615524167779,-0.0280348119413644,0.9323343174840718,0.4062598409386104,1.005036740210541,0.4557745875347418
TIC 252616865,1482.01,0.8638313492063495,0.9505746031746032,False,False,5.712184846390694,0.176,6764.295703811762,148.56165372623812,122.31077658858544,10.0,57 77 84,16.061609908940024,1.79,10.0687,6720.0,0.8824668431207364,0.1712725406235712,0.0308113278426568,0.0033901821953614,1.207751083529942,3.955149519355272,0.8192671426788347,0.1912575985982729
TIC 327301957,1074.01,0.8628062770562774,0.8532365079365075,False,False,13.945805083733594,0.132,1414.2626477000597,15.791124373617196,16.079810698994184,5.0,101 102 103,3.042993917613178,0.741671,10.6339,5206.0,0.7967774024163491,1.548879741586327,0.0094652118832468,-0.116226204796508,0.9753194549763046,1.7242636473017323,0.92712209771427,6.982207492431074
TIC 148782377,1415.01,0.8623460317460321,0.7740706349206347,False,False,14.420305918210826,0.2,1053.1003110499926,38.68782495348281,24.93275238378809,4.0,16 23 50,4.993747204455035,1.41048,8.39816,6383.0,0.9731592330391192,2.8524103032018058,0.0138693312842571,-0.0041316897491157,1.5612815423782758,3.515674311910635,0.8338875526196362,3.907877908375122
TIC 123846039,883.01,0.8611095238095239,0.7894888888888889,False,False,10.057746153145532,0.132,4770.297376725408,76.28340124037,80.07534884337615,3.0,33 87,7.610599199758586,1.01,9.3722,5651.0,0.8472509194719706,0.0192489980593147,0.0131242127202342,-0.0219361248791911,0.9493281927455662,0.6099287867939555,0.7994007427741437,2.782060390586333
TIC 334305570,777.01,0.8603591269841266,0.8447746753246754,False,False,8.30146141895914,0.188,2328.4657273165976,56.37401155461514,58.147701571242685,5.0,99 100 101,8.4381485198956,1.6028301,9.3712,7199.0,0.9097927106538568,0.0404293097746,0.0226466149165783,0.0115921652164528,1.0153844220541808,0.8081745053468967,0.9850882352493202,369.8714187858118
TIC 39858507,3460.01,0.8583807858807859,0.9039541847041846,False,False,4.628776844173029,0.2,5107.592854784127,269.7306742888674,244.2479805437069,14.0,66 91 93,17.309553301458216,2.22,8.82719,5978.9,0.9254682414352736,1.9986952070084976,0.0432079589777095,0.0070825949891615,1.104981699263953,31.59858601425648,0.7971772334626275,0.4999665861569406
TIC 283829553,2301.01,0.8581146825396831,0.8417944777444784,False,False,6.053533727045132,0.188,250.97739627422123,10.799398584186733,10.801066388705369,7.0,49 50 51,2.7827098887793933,1.61,8.36872,6187.0,0.8385372280136942,0.3839259367636662,0.0310562406153086,-0.1420249369489404,1.0028241239790194,0.9729669464788898,0.8934924067589993,4.28787945493112
TIC 218354669,5553.01,0.8577872294372298,0.7406717171717174,False,False,1.762123429335023,0.076,379.67368002134185,7.375237719526421,7.326898246921375,32.0,42 43 44,1.7311606189011206,0.814343,10.6853,4732.72,0.8256497788912855,0.52853498275253,0.0431297823607511,-0.0754708133116035,0.9964310480299928,0.8286879889831691,0.9301657100299218,1.866971465550808
TIC 269243313,5825.01,0.8555691197691198,0.6495056277056277,False,False,9.729233537703664,0.176,912.2191385401158,14.590941330690924,14.11748788967852,4.0,55 82,3.987123708223738,1.21,9.95806,6115.71,1.0114913412578057,0.7408880228257502,0.0180898114242964,0.0265636923461052,1.025724589906322,0.6843356807449962,0.9426691603182292,8.333015081840704
TIC 22705558,1699.01,0.8530618326118331,0.7982354978354977,False,False,4.547020776709995,0.096,780.9999343574292,8.58229989935064,9.155626487545774,9.0,47 60,3.168133068036242,1.03909,10.8756,5654.4,0.8986619404412403,1.1747473328717586,0.0211127251697893,-0.1222157854255759,0.9426577941751998,0.5249793811434298,0.7389399769096766,2.9188716238941512
TIC 129637892,155.01,0.8525817654567655,0.7766102453102455,False,False,5.449949142736607,0.188,1167.104725620094,48.03302950742784,46.74464596143538,11.0,68 95 105,6.671641405462564,1.79,9.0284,6220.5,0.8185026815834974,0.0197373241780345,0.0344957347447097,-0.0173773213292026,1.0841118813986848,3.368563328370455,0.8232668975094101,4.308194184180681
TIC 85242435,1722.01,0.8502603174603177,0.7208753968253966,False,False,9.60530213822982,0.156,1499.0743145402164,30.973319092338507,23.024802310701865,5.0,47 60 74,4.604291698947285,1.09,9.52682,6137.0,1.0033185343405264,0.9301288020317764,0.01624102998063,0.002660442377969,1.344786240191685,3.2937515979785594,0.9352837451440312,1.497164121609473
TIC 416195870,1264.01,0.8494920634920636,0.8164857642357642,False,False,2.7442195079490506,0.052,5069.887029820697,61.64628578916469,59.25773804622168,21.0,14 15 16,7.535214610547501,0.97,10.634,5040.0,0.8334604780895807,1.331245163095782,0.0189489214872841,-0.0160546336507958,1.0758679259122177,0.7076432791778184,0.4753473904285259,0.2475788355556372
TIC 106940971,4425.01,0.8470227994227997,0.7972253246753246,False,False,5.413691367679285,0.176,5266.87883201471,89.98433917320403,91.55539390824036,5.0,66,11.667903149675784,1.47364,9.3777,6468.0,0.8733508950896246,0.1945638047103308,0.0325101650697621,0.0132664550841107,0.9752067825366144,0.0270876362251981,0.9832916108436168,1.493789946025124
TIC 330218897,5819.01,0.846025324675325,0.7021761904761904,False,False,3.417572728642959,0.076,947.4329656350424,11.327091603295605,11.703494507545626,12.0,55 82,3.464325971657394,1.03162,10.828,5463.0,0.989395745279568,0.5106095228504522,0.0222380051675382,-0.0663852039811937,0.9622322911565158,0.8686246172460016,0.6356417046449196,1.5865532040081427
TIC 298308533,7625.01,0.8437251803751807,0.885936219336219,False,False,9.396693175261625,0.144,277.7043105991472,10.7418821007387,9.844313336552643,6.0,57 77 84,2.472606288724668,1.36,8.41267,6433.6,0.9738850047211908,0.6307439969489457,0.0153245399540238,-0.0863971836918534,1.0934526062490204,2.085385694110994,0.7255307183243237,7.4386812824153825
TIC 173640199,618.01,0.8420183760683762,0.8531105838605838,False,False,7.761481659034314,0.164,3370.31165720425,66.44383301902373,70.54852377325103,9.0,61 87 88,9.057238820048132,1.43,10.1277,6515.0,0.8799618411450618,0.6918096574762198,0.0211299861552987,-0.0009637476662642,0.9439658800599808,1.0224481673649388,0.8398755167682899,4220.187443860593
TIC 293547742,6263.01,0.8408014430014433,0.804764357864358,False,False,3.0170720234133883,0.084,225.29229058176887,7.993452551831251,7.947666567448501,17.0,89 90,1.1626694590810218,0.71,9.1348,4717.0,0.914959583817524,3.288789835151559,0.0278415627297375,-0.0742197345266278,0.9987607840743942,1.798342945748751,0.9812866899678676,10204.204792129469
TIC 291517604,5148.01,0.8357504884004884,0.8933974969474968,False,False,5.06382544509273,0.2,4992.433704648302,125.93395077624064,126.8136562805338,12.0,93 100 103,14.72360884012561,1.91,10.0143,5447.0,0.9114732580734942,0.9654186602569144,0.0394958321862805,0.0176581641131804,0.9946368417632132,3.731098134275262,0.7949209238739,0.306445730263575
TIC 300579472,4186.01,0.8332176046176049,0.9041205627705629,False,False,12.750983052919372,0.132,647.5283444274949,12.789928415639636,12.65967632345114,3.0,1 28 68,2.4430750842376185,0.88,8.985,5639.0,0.8229188270514868,0.7658423009201074,0.0103521430035763,0.0619161205093212,1.0110213351923785,1.4958614615296706,0.8482029565247337,10.06051937341213
TIC 1018843,2673.01,0.8320295093795095,0.7423634920634921,False,False,1.9126710201368344,0.096,347.94103631163864,20.280913818578664,19.330095835348686,34.0,61 62 88,2.5234764847282043,1.24,8.8448,5601.4,0.8034694090378546,0.0208569491148369,0.0501915901842503,-0.0496224122083479,1.0669027818124617,0.7698962995273851,0.8160470698034481,2.070217069985504
TIC 274151135,1105.01,0.8314579365079363,0.8131238095238094,False,False,10.869315817130692,0.096,1500.6809876094708,14.5696280059223,13.796320687610624,4.0,65 66 67,3.212051745653464,0.76,10.2809,4664.0,0.7923649898591069,1.014666992216178,0.0088322026533352,-0.0914118573795901,1.0666145919898395,0.9911880164512792,0.6829631381762199,13.40420803511507
TIC 373017346,4450.01,0.8301380952380953,0.613694733044733,False,False,10.69223439813085,0.144,1171.4133276951034,15.550544999662028,15.63421996167504,6.0,47 52 53,4.2941545539753605,1.15,10.5801,5844.0,1.107801185701503,2.106678071806857,0.0134677182184832,0.0125416620995744,0.994397981156045,2.217622838806512,0.7655349435855673,0.7411099809299591
TIC 102672709,1686.01,0.825508513708514,0.5483590187590186,False,False,6.705389306742532,0.176,633.0313312283841,12.204341364588911,12.2899375656,7.0,59 73 86,4.003756046774252,1.45858,9.86671,6141.0,0.8188103336620477,1.709728574116704,0.0262475438708719,0.0193557821718767,1.128132459168765,1.7880630327527085,0.8883399937742011,4.622367115199591
TIC 198186769,1291.01,0.8239683982683983,0.6028958874458876,False,False,7.167251018789624,0.2,1056.817982890479,18.69347261585128,18.88396540562844,11.0,47 48 49,6.419532808850786,1.81,10.8722,6229.0,0.9639573031207976,0.5960926449419839,0.0279047014644361,-0.0650900583726373,0.9879669788447738,0.4694975461157147,0.802572417460787,0.5822219311160337
TIC 276250096,6243.01,0.8213014430014431,0.7186494949494949,False,False,3.5658951806057875,0.076,813.9213028128811,9.129835249635688,8.63317676793876,12.0,83 84,3.1125472883691563,1.0,10.7106,5715.0,0.7983293639575993,0.1673404881538926,0.0213130213174378,-0.0662838810256788,1.0490240739913126,0.7783117260834167,0.6625551472016655,2124.821400911252
TIC 341405597,6699.01,0.817794660894661,0.8959619047619048,False,False,5.3195816048913525,0.084,922.4780937617804,14.112958728632062,13.45613427697413,12.0,101 102 103,2.4852154498262053,0.75,10.4012,4716.0,0.9562672020799804,0.12689929897143,0.0157907155560433,0.0640292017828257,1.0476742828975432,1.1557989269173692,0.7675340845797121,2.133089102401567
TIC 39200363,2133.01,0.817545238095238,0.8658634920634918,False,False,3.8266771769232446,0.076,1167.3733626480498,11.375358597535154,9.85299702916099,12.0,25 26 52,2.6701266841400213,0.716312,10.8571,4175.0,1.035414592494955,0.4111346792074271,0.0198605726289945,-0.0761628806060957,1.1470850306167168,1.866088332096148,0.7750032770988061,0.8014421168857486
TIC 192988021,2808.01,0.8161845598845603,0.8601292207792208,False,False,9.44510363938083,0.108,792.3605337312179,10.407923700759692,9.86073102177981,5.0,89 99 100,2.026889645463896,0.66,9.9139,4853.0,0.9326354547465756,1.529406687905366,0.0114344960228599,-0.0798857709528585,1.0536259227834954,1.3849604981426262,0.9396616416220226,82881.67117337567
TIC 133850380,6550.01,0.8123032467532468,0.7768777777777781,False,False,6.916314159922813,0.2,5428.450872587365,68.106675299693,60.52499324479211,8.0,88 89,16.47845792959528,2.05,10.8597,6649.3,0.992362514794952,0.6357264599697223,0.0289171364075561,-0.0025560291673709,1.1248533160365837,4.914314518194508,1.0350272141242094,1719.9146636547775
TIC 139251123,2488.01,0.8112019480519485,0.7556238095238095,False,False,10.76653277738429,0.156,2156.7707578274976,25.2040959411984,25.592381115954883,5.0,95 96 105,11.752810533346452,2.3196101,10.6292,5394.0,0.8901362714767495,1.3832128797729677,0.0144893442694649,-0.0299140697824844,0.9820474586871673,1.5991487692885464,0.6840569767186964,1.5207371861617809
TIC 274215536,1701.01,0.8087149628149632,0.5754277777777776,False,False,1.3341739429910788,0.052,2381.637057397468,28.93197859691124,27.24577466332616,24.0,60 73,4.679836318207644,0.878958,10.9263,4685.1,0.7744621685517734,0.300168109260466,0.0389754276593211,0.025511199201088,1.1057891023640116,1.0552733856080805,0.641811924819228,0.4906156238087691
TIC 119925436,2636.01,0.8054718614718616,0.7296660894660892,False,False,3.105506626246022,0.176,5989.41608848691,86.35195404924951,85.7260810928748,15.0,90 99 100,16.061359490258432,1.90224,10.9786,7176.0,0.8866493323293154,0.819734628979284,0.0566735226106251,0.0100813536384933,1.0049456886316517,2.5065855176060663,1.014327131116323,1600.4090754584422
TIC 230017324,1280.01,0.8001018759018765,0.8054015151515153,False,False,9.693159530911876,0.108,1568.7794229088947,10.004843253482049,10.273075021301947,5.0,14 15 16,3.223638000735131,0.746003,10.6355,4665.0,0.9243709658473578,1.1442755804429656,0.0111418779042667,-0.0749971319066853,0.9753211426573812,3.345490435894051,0.8105125458133068,1.791126063488639
TIC 19519368,494.01,0.7979119047619044,0.6850989177489177,False,False,1.7018827484879302,0.076,483.2673077482808,13.070614413958598,12.736722065112064,33.0,61 88 99,1.9187060545422692,0.8,10.0854,4985.0,0.8126152134488209,0.0987402387146189,0.0446564254015287,0.0305254502817546,1.0186116248833923,1.1600588215855945,1.0812804451674205,2.0612579769651367
TIC 100608026,475.01,0.7918555333555338,0.8603888167388166,False,False,8.261914147181042,0.084,1425.038204858953,12.554875993260254,12.6196424130092,6.0,5 6 32,2.5509926394560485,0.6194,10.8835,4105.0,0.9397387920006464,0.8747340431107261,0.0101671354245021,-0.0137473772646274,0.9847246565447316,2.506665499445064,0.7285230393111771,2.346855167829303
TIC 262258341,2481.01,0.7891623376623381,0.7040634199134204,False,False,11.996097561101546,0.156,1933.3709907394248,21.48526026216906,15.833911122412976,5.0,5 98,4.1255399861187385,0.86,10.6675,5567.0,0.846137362702839,0.9913910204386857,0.0130042290174301,0.0244208275594686,1.3545290438620603,7.339548190163166,1.0385077674945,9.516324404414204
TIC 280024247,6048.01,0.7882587301587304,0.5177591408591409,False,False,5.494803150781423,0.132,1116.1659727676465,13.352597856858178,13.32115436684825,5.0,59 86,6.219962947413499,1.70647,10.3971,6235.0,0.8391886336770779,0.7873034958074646,0.024022698607725,-0.0649958344955413,1.0000565936912782,1.6141605693615486,0.6157838529982762,1.08416825705023
TIC 92590258,6103.01,0.7865125319125323,0.6631069985569985,False,False,3.242379838679175,0.12,10043.296279589664,47.93015560107688,21.552065822735862,6.0,61,14.247455195846324,1.30309,10.6664,7069.0,0.8824902007300185,3.5174155433748138,0.0370098526300001,-0.0325921490355422,2.199128867556404,8.821317817594771,0.9523131388460904,0.1339645415022081
TIC 379824738,5810.01,0.7815444444444448,0.7383190476190477,False,False,5.678057494024691,0.2,5974.297521779359,87.11939207425829,100.62186620614273,4.0,82,15.769204327440011,1.87,10.291,6142.0,0.9030877807862402,1.3216176081456226,0.0352233136438773,0.0204782589250503,0.8639271408623326,4.606699549545609,0.8320463041408647,0.4578644541103274
TIC 154716798,1239.01,0.7815087301587307,0.6749904761904761,False,False,12.63914396031379,0.132,3729.628903421656,32.48311562670845,19.85413407274259,4.0,14 20 26,5.2597903903860095,0.789425,10.7192,5217.0,0.8127571203565157,1.7887272993323506,0.0104437452737679,-0.0675547207983948,1.6273990324496406,1.5899020902611671,0.9105749878676676,0.6487887248078864
TIC 230088370,1176.01,0.7789188311688314,0.7141396825396825,False,False,14.008708702972973,0.2,6123.880666068393,106.12362442292628,85.65932505578492,5.0,17 18 19,13.441241948336977,1.57435,10.1772,6557.7,0.8962494805647708,2.7171803686124645,0.0142768333784794,0.0071244463097616,1.2444664636488665,2.4444327706471896,0.772078565226795,0.3275184204262062
TIC 432758245,6254.01,0.7743426406926407,0.7419164502164504,False,False,1.5361050520609658,0.04,538.017974136551,9.636347466240707,9.01258201708838,38.0,17 57 84,2.241639046658796,0.885814,10.4564,5317.0,0.9630918517012352,0.7917670963908257,0.026039885713762,-0.0794534023954842,1.060300609770277,0.949768624055623,0.5016068629001204,0.4786402205804734
TIC 148679712,1804.01,0.7719396825396828,0.7592000000000001,False,False,4.9246487362501,0.12,783.8378393973944,14.718477449863382,15.387501340697158,11.0,22 48 75,3.237753103663093,1.06,10.1345,5428.81,0.8477576833267839,0.3994107754936316,0.0243672201667269,-0.1681922837222757,0.947657989031166,1.0518453951482,0.8618906491813311,11.048083215910712
TIC 79971247,5462.01,0.7717816239316243,0.6047012987012987,False,False,3.553401149454713,0.076,1222.9002619537075,11.762921092718182,9.753156318786829,10.0,71 72,4.616423465694307,1.21,10.86,6280.9,0.91018191007946,1.383190416258806,0.0213879595360806,-0.023910940324789,1.1948729743265427,1.2283504037526056,0.5809450027477592,2.772982356914121
TIC 453668803,6564.01,0.7665730158730161,0.8644017316017317,False,False,3.985473778572581,0.164,8742.250111810845,245.26503115154816,164.1330313613737,11.0,99 100 101,17.45416450411685,1.71105,9.5687,5904.0,0.8668135994109796,3.199771350860177,0.0411494364563947,0.0171877804899386,1.5628985195020817,7.664706315339684,0.8154442225313562,2924.093680098168
TIC 263748033,4422.01,0.7662608225108225,0.599347691197691,False,False,4.908169855423486,0.176,10057.108151854563,140.28919738010637,150.26074629839647,13.0,91 92 93,20.022227908727853,1.83,9.944,7995.0,0.8063612368274102,1.1292023501555355,0.0358585797118495,0.0248868006188815,0.9372838608178978,2.7234253600453204,0.9307943553402552,0.161450166724585
TIC 157667414,4576.01,0.7655632034632037,0.7693944444444449,False,False,10.483435513781735,0.108,1775.4664711513435,20.001989911597256,14.246133918531632,6.0,26 40 53,3.116104588362506,0.677846,10.1658,4271.0,0.872490177574478,0.5920686313691468,0.01030196635998,0.0599891033915256,1.4087665209776297,9.7031277919686,0.8406918383530899,2.412101623334202
TIC 96925186,2518.01,0.7574872294372293,0.7784801587301587,False,False,6.897846125782207,0.144,661.6384733921788,12.08192572900121,11.807527533992063,8.0,61 87 88,2.77824358767034,0.99,10.2282,6016.0,0.8952716198410224,0.9307307450362042,0.0208760818049809,0.0671362170285653,1.0285500367899056,1.24483921763241,1.0424235738251717,17312.802879874303
TIC 408261725,4513.01,0.7511529581529585,0.8139928571428571,False,False,9.759986128490535,0.084,859.986401125612,12.347287168239456,13.101641171225966,7.0,42 43 70,2.55953179908288,0.8,9.96064,5558.0,0.8196664335986691,1.1462137422452514,0.0086065696092327,0.0575495624800683,0.939412760777037,1.044117227088048,0.645670366383693,1.1439384785001545
TIC 70420766,2304.01,0.7500602453102455,0.4869976190476191,False,False,9.41002869488342,0.096,859.991205630628,11.009228136443546,10.542280609056435,6.0,68 96 106,3.9452096671016528,1.2331001,10.2356,6223.0,0.8269930515837159,0.7137919908958966,0.0102018817490109,0.0352412473875025,1.0330394566054406,4.0449898641712645,0.5171574321764467,4.052366263489174
TIC 108940329,4768.01,0.7454324675324677,0.7713767454767455,False,False,7.264393566912714,0.12,7105.648985764157,91.5454715522402,81.38880181746967,8.0,61 88,15.082400660952258,1.64,10.4397,6617.0,0.838209739273891,0.7282802876901466,0.0165189287852693,-0.0278999296029041,1.12545046443613,2.911756193708858,0.5558592100810498,0.9175377813486848
TIC 30122649,808.01,0.7401228715728717,0.8149467532467534,False,False,9.739336846092936,0.144,675.5401135173366,12.193832380655817,12.82146017764634,7.0,8 9 35,2.362645376256298,0.833198,10.0659,5216.0,0.8995711646471021,0.2047875096146365,0.014785400923654,-0.1651388096981693,0.9536372755439568,0.4720818580188551,1.0118386268608408,28.73647539662017
TIC 441614965,5707.01,0.7389047619047618,0.7550706349206352,False,False,2.036359944449933,0.084,254.1366919589505,8.971655034124185,8.924249892542843,33.0,40 47 53,1.6174891844936476,0.93,9.73378,5553.0,1.050534443069857,0.5793661801768467,0.0412500747861107,0.0714014714968353,1.0102135912833683,1.251384560625093,0.931225269162702,2.860814370020828
TIC 308504559,5831.01,0.7349328282828287,0.6409115440115437,False,False,3.791613131685709,0.12,8504.641824547354,35.311179681477086,21.20388324655785,4.0,80,15.594967093678855,1.55,10.9653,6360.0,0.90084276972331,1.93848874606954,0.0316487985014044,-0.0318518657140767,1.702804221673998,7.157943099553441,0.7089146827273144,0.20555458181243
TIC 279262080,7623.01,0.733372222222222,0.5832194805194806,False,False,4.350909996717578,0.176,387.720552370796,12.396448043412764,11.445861859251782,12.0,78 79 85,3.2653350490608912,1.52,9.60434,5955.0,0.7777285972042773,0.1715415726011188,0.0404513079178328,-0.0831898436894801,1.1213454839356798,1.063729902845698,0.961987442511378,17334.999748513317
TIC 2685481,5113.01,0.7330707792207791,0.5138992784992787,False,False,4.136308995199232,0.084,513.6261339654391,8.76614580967519,8.478956256336616,14.0,59 71 73,3.436870017238386,1.39,10.2212,6113.0,0.8522742496664637,0.1586212939768598,0.0203079605748733,0.0601106824929728,1.030814959496429,1.1312344051985568,0.5194391255675779,5.867558555104621
TIC 406495245,5128.01,0.7319984126984128,0.7511396103896107,False,False,7.601497451220593,0.12,1522.559037540172,57.665209507455664,48.693969332760645,7.0,45 46 72,8.471589389605882,1.99,8.2893,7642.0,0.8451619383013604,1.8056557055068896,0.0157863632488268,0.0070420586800169,1.1869123975290394,4.119885369954482,0.4902246368156263,3.534838280692953
TIC 420051632,2429.01,0.7307831890331893,0.8443831890331892,False,False,7.084694808587341,0.12,614.751372724931,16.90738816814272,16.411557399835935,10.0,4 31 70,2.279901244636805,0.842833,9.4752,5517.8,0.8684768627662804,0.914793808029996,0.0169379208621023,-0.2223492313370641,1.0293417091454815,2.0951234000289083,0.965958164538055,25.346366822046623
TIC 366074071,7035.01,0.7287485347985347,0.6760816017316016,False,False,4.181312876029588,0.176,6961.61445092347,67.9593211154661,44.50729144727983,11.0,58 78,16.02110261686762,1.76,10.2955,6293.8,0.9114611520667426,0.595369441781321,0.0420920426713254,0.0049919941708552,1.5205766908017964,3.1878875591382605,0.8797694037867105,0.0740856661038816
TIC 356590734,1951.01,0.7286269841269841,0.8510031746031745,False,False,4.829522857608342,0.084,8054.157959293318,178.28815131523814,169.94837300662627,15.0,64 65 66,19.14987420163953,1.95583,9.8722,5877.5,0.8029497207026689,2.4819699952771463,0.0173930225566005,0.0076278266431434,1.0483556554491733,2.1247711621680194,0.4301951143921025,0.7606869581387641
TIC 178266267,5539.01,0.7220701964701968,0.7978192751692751,False,False,7.11018731201137,0.096,541.4044015957797,7.732338930814221,8.260673737624574,7.0,44 45 46,2.310080073930161,0.91,10.0286,5595.7,1.4563566310825031,1.644540302573659,0.0135017540027145,-0.1498647836270223,0.9442256052884886,1.4571828296231253,0.7240385987472254,4.21372057168182
TIC 357048995,5727.01,0.7168284992784997,0.5461622655122651,False,False,6.392498462689687,0.144,523.4158109991282,8.236892993282888,8.994743656362276,9.0,47 48 49,3.618456136630815,1.44969,10.5988,5712.0,0.8290254882947437,1.278339089546173,0.0225264035400973,-0.1226780595730676,0.928017151722557,0.5044547004429993,0.7087806694930734,4.278872600478061
TIC 232025086,874.01,0.7152993894993894,0.791253352203352,False,False,5.90498848896207,0.156,235.00278310994992,9.926938629790696,10.657759841678663,10.0,5 6 7,2.3713778587808223,1.4178801,8.7542,6437.0,0.8814763331536137,0.1105048378743703,0.026418341084255,0.1633824202236394,0.9596984228317976,2.200905853968636,0.8757961703113311,11.201781514063567
TIC 352764091,1287.01,0.7110246031746035,0.7805159451659454,False,False,9.598999721307976,0.2,440.65109521995714,16.295962820539096,14.732751973517916,6.0,15 16 17,2.7719812763212017,1.2103699,8.593,5891.0,0.9632909309273218,1.6307487383346535,0.0208355043032283,-0.197457958675634,1.1107458301583475,4.239017397113022,1.04950197921899,2.3740798793490163
TIC 941340744,3351.01,0.7103057498057501,0.7283537518037517,False,False,4.311512243531679,0.096,9067.964994732058,68.780308464595,72.16056007738942,12.0,36 36 63,16.310952405247882,1.57,10.9932,6777.0,0.8348033588116028,2.393843095517767,0.0222659694737092,-0.048356274943826,0.9985258396633974,5.320435279305737,0.5978048561237189,0.1214474412385801
TIC 436166416,4497.01,0.7059720779220776,0.6029584415584417,False,False,3.600124685586186,0.108,7256.051304709299,106.17812465782222,32.592704842556515,12.0,81 82,16.263460965997016,1.75,10.3544,7172.0,0.8659138424904987,2.696932173769214,0.0299989609894344,0.0221315958133251,3.263494438841392,9.46761862627739,0.6234043898170285,0.1476841411917776
TIC 118820486,4609.01,0.7059664280164282,0.6072098124098124,False,False,2.692787312375452,0.132,8612.750025985382,52.67114673098481,24.51035163761989,8.0,70,17.010025066145598,1.68,10.4117,7461.4,0.8552739082567948,0.9581426188002528,0.0490198388091615,0.0162233035608013,2.123300702026937,3.250594601071452,0.890980332339574,0.0849454352842177
TIC 347013211,2045.01,0.7030432539682542,0.7453420634920633,False,False,9.077990344528953,0.2,5270.188371745532,56.47020293184949,53.24494096850705,5.0,77 78 84,13.622796425249865,1.72,10.7799,6125.9,0.8936682724104662,0.4716595731366098,0.0220313078566485,0.0082169513719887,1.0611662321848252,0.5507659618180045,0.7720674422078035,2.211698590294412
TIC 85266608,5385.01,0.7022116161616168,0.7000444444444441,False,False,5.166536913022084,0.2,4542.312712269014,49.54829224100989,49.30563440927138,4.0,48,15.288311816066596,2.0792,10.8583,6238.0,0.9029428503636396,0.9534156353618476,0.0387106495834582,0.0242742365575894,1.005168727827795,0.315697114125382,0.7824970199047241,0.979297193215903
TIC 18019350,5397.01,0.7014145521145522,0.7255241813741814,False,False,9.645492084118654,0.12,838.559949131068,7.454032108456169,7.833187164273138,3.0,22,3.001341503840471,0.95,10.1174,5621.7,1.106844542577882,0.4999835052315209,0.0124410448895168,0.0014495508477633,0.9527522229211576,0.5191125254807256,0.7815615980902852,6.046864051129705
TIC 285466025,6032.01,0.6987569264069265,0.5749044011544011,False,False,7.3769795487865935,0.2,356.58841980079626,18.94408013564478,16.552602505192404,6.0,58 85,5.258462591572566,2.5524099,7.98475,6083.0,1.1232507182740017,0.0917255846518285,0.0271113670137389,-0.0471331361646003,1.1433203366536688,0.9395875418486332,0.5547725446492343,12.660580248687038
TIC 243550555,6571.01,0.6970171661671662,0.6529134920634923,False,False,11.532894233070335,0.144,1387.1949647417114,10.537140404830982,9.658989947946894,4.0,101 102,4.104071102217,1.01,10.9535,5835.0,0.9858549284367244,0.9040292649945588,0.0124860245043332,-0.1809066662622795,1.093721598163416,1.7051408810822863,0.8460718169054019,9.736081319583429
TIC 330799746,1818.01,0.6956833832833833,0.7633683261183263,False,False,5.511522826898721,0.176,3314.7530889542363,31.529594745388632,31.057567090864044,4.0,49 76,10.25939196632068,1.63332,10.9901,6236.9,0.9074170943342272,2.960179290642454,0.031933098261163,0.0355370915748047,1.017817672793048,7.515305589317472,0.8547970248623088,4.207216574531095
TIC 349071261,4601.01,0.6915015873015872,0.7692576479076477,False,False,2.787407249195603,0.052,7697.090147268604,113.52690609565708,111.29070581647468,23.0,43 44 71,12.202643922485873,1.27487,10.3099,6408.3,0.6220161108397704,1.5567665451982482,0.0186553292544554,0.0157421498581395,1.0406561537867745,1.0059699320243964,0.4171054511548677,0.0674347394552036
TIC 8516795,2169.01,0.6901298701298704,0.7705136363636362,False,False,8.21488914412454,0.156,3822.8778433451184,43.67973952663769,38.312165970723626,6.0,40 53 54,12.209518460050964,1.81,10.5527,6183.0,0.8345517946576007,0.7444760379056546,0.0189899093296437,-0.0123361114680161,1.1400251072370458,0.7595527106510576,0.5981762079391812,0.8825946413594113
TIC 33350443,4387.01,0.6872681096681101,0.6443065656565653,False,False,3.5620109933479247,0.2,4569.257471826571,82.34755888141098,69.86090294141313,17.0,66 93 104,17.914974806996195,2.42923,10.8267,7042.0,0.9994267899168376,1.3304158588520612,0.0561480580417918,0.0134806442824839,1.2015522013574167,3.986161658011251,0.8233667586906962,0.3755055512549624
TIC 237071229,2039.01,0.6848943001443003,0.5399690476190477,False,False,11.248740426534328,0.132,1551.9122320490908,19.56711892541413,19.835351141625964,6.0,55 56 57,6.360921618656376,1.48,10.4719,6308.0,0.8322480879073842,0.2135509186922121,0.0117346471689069,-0.1061800883617364,0.9869341528215214,0.3577518395557287,0.5639622379711856,0.8345072128719545
TIC 104734832,6057.01,0.678918326118326,0.6100570707070708,False,False,10.328148064307682,0.2,1270.7189347875849,26.418884404353346,21.188163959760104,4.0,59 86,9.366788720975611,2.4084699,9.51295,6402.35,1.0536594048696777,0.8941529299187011,0.0193645558482227,0.0067561812095507,1.250680512768218,0.725444849101946,0.5471042231285003,4.585239572582896
TIC 103195323,2143.01,0.6755613775113781,0.6663311688311688,False,False,5.589947824225729,0.2,5715.878507707716,67.96588028230042,82.18436618698044,12.0,52 53 59,16.084251546431965,1.95,10.1041,7437.0,0.935703416277908,3.737603999629334,0.0357785092614352,0.0321155667891323,0.826898909416742,1.9324443271822336,0.9113401515890158,0.2404766172721646
TIC 4711,3129.01,0.6751223443223447,0.6140126984126987,False,False,2.333891379440145,0.076,6404.845920072399,21.402444156166567,19.661379946983853,5.0,91,13.184268566615732,1.51,10.9198,5949.1,0.8534906182159667,0.8105094040536889,0.0325636405659251,-0.0341698555811196,1.0834090806943637,1.080676388055226,0.5163280203068858,0.1379086070123061
TIC 266023807,5978.01,0.6731999999999999,0.7321489454989458,False,False,0.739483605217791,0.064,173.57447570054418,8.868660949490689,8.889796624598166,86.0,15 41 55,1.4044211492042982,0.977079,9.64057,5632.0,0.8604913947179783,1.2101375109514536,0.0865468815649413,0.0442222060303494,1.0422004928850257,0.752845010000296,0.9552972521921212,1.3587756397633906
TIC 164260243,6162.01,0.6725266733266734,0.6254569985569983,False,False,1.847838540816609,0.108,10156.595546206629,102.14805261288956,32.31498112444883,13.0,83,18.14190022016101,1.65,10.9837,7218.8,0.911741680941582,2.142154411569033,0.058446664908435,0.016439074366131,3.208329628060824,10.048840453788053,0.8250983741426332,0.0524872677325643
TIC 73038411,978.01,0.6722007936507942,0.6948538239538239,False,False,13.16604974530526,0.188,5788.809327457622,75.55551415054303,40.55284872840925,4.0,34 61 88,12.617199236824645,1.52,10.339,6368.0,0.8320539161792632,1.2961460465546268,0.0142791500591919,0.0096860251527839,1.868882337690912,0.7225780206630305,0.7496458141540471,6.790465019193846
TIC 146589986,1032.01,0.6649912698412698,0.6374182539682539,False,False,5.664377650056726,0.144,3889.716737832449,61.48104899408049,44.09739278216908,9.0,90 99 100,15.910982117720222,2.3383701,9.7611,10395.0,0.9203510767097682,1.878312311961165,0.0254220337866346,-0.0359813021342324,1.4265380270349242,11.46416108879371,0.6340720937404286,4917.464092360793
TIC 345645749,4041.01,0.6631286935286937,0.6798538961038962,False,False,7.880279586213503,0.132,5424.647332798127,43.56746732188792,49.288004676122455,4.0,51 52 78,11.329992380183931,1.41,10.9342,5914.8,0.8889420147019951,1.8663700837768389,0.0167506747134877,0.0523067587834636,0.8786741518070966,2.6577309187340723,0.6355040401244056,0.7317928370600018
TIC 124128680,7382.01,0.6568713564213566,0.6278003885003882,False,False,1.0367579638012676,0.064,345.9219379110534,8.575093779728368,8.480278238859322,19.0,87,1.8716397847830315,0.922377,9.6069,5075.0,0.937016474182207,0.06405480179211,0.0617308978899417,-0.0791541265400206,1.028478551457272,0.7375880869024589,0.8570496657788069,2.7847267523425026
TIC 79605791,4416.01,0.6558841269841268,0.6704683261183263,False,False,9.330593233482698,0.2,5502.967047772533,94.93334702829378,72.01301932705735,4.0,66 93,15.862779159547523,1.96,9.5378,6238.0,0.8893164678833642,1.2787960210417002,0.0214348643216277,0.0017444716857938,1.3169557260239098,4.575001069985558,0.683554033861492,0.967300576393712
TIC 146320244,7822.01,0.6504513708513711,0.5092297258297259,False,False,4.497559727840032,0.108,1894.7533452920995,13.50273229196983,12.89045857738657,4.0,100,5.109721359773719,1.07596,10.8867,5394.0,0.9102967848961322,1.7692513120020943,0.0240130218463752,-0.0955071592379105,1.0426664681188342,7.046512413752224,0.7861354205102217,0.3684294218237043
TIC 149833117,1717.01,0.649797474747475,0.635923088023088,False,False,4.052385102615483,0.084,8830.320021564143,127.20051203254008,29.011706501741163,12.0,47 60 73,13.942860447009586,1.36,9.52339,6578.0,0.8106770815276314,2.704545750820103,0.020728533412529,-0.0286955391231184,4.353361893441712,17.872112588644228,0.5688451297564026,0.1451939990815678
TIC 251039147,4537.01,0.6435561827061826,0.6361030303030303,False,False,6.662982024565611,0.052,985.3973875205702,24.11670351234356,20.546676154356643,8.0,42 70 92,3.677920896453789,1.07392,8.1954,5975.0,0.7974755907212832,2.184870752754541,0.0078043134152669,-0.0799546097116003,1.176434561094459,3.5428590130128788,0.3512269107807551,8.420771613085835
TIC 26880783,1364.01,0.6393015873015875,0.3752642857142857,False,False,1.775412681571882,0.096,824.0905791203623,41.65560336618317,37.927077289274216,37.0,54 55 56,10.116138056788351,3.23,9.2118,9598.0,0.7795508410284276,0.9306679959054712,0.0540719354978389,-0.0020272685685553,1.101240556245529,0.9649131734855872,0.4370876987055607,0.4275286204293376
TIC 81077799,3492.01,0.6362239316239313,0.6860927849927854,False,False,9.222467161285191,0.188,3085.120168015432,128.53193859052104,102.98926038824126,6.0,90 99 100,15.710848589205202,2.5926199,8.4504,6332.0,0.8871199521534208,0.2684173992773775,0.020385000750038,0.0010724063788024,1.254043700212624,4.958432752519949,0.4915795688174429,21542.53665296338
TIC 350575997,4386.01,0.6316650793650792,0.3827936507936509,False,False,2.0134728390317664,0.052,1208.9539667565764,25.565281080489065,25.18768815498453,30.0,100 101 102,6.638465178824481,1.75,9.7688,8127.0,0.8231433687130242,3.5641645569049194,0.0258260250607629,-0.045034177095784,1.0314523512276113,1.2892133960951695,0.3898522393309918,0.3932397467524855
TIC 354031707,6971.01,0.6306071428571436,0.6309047619047619,False,False,4.1953945978903615,0.2,2301.0785124905065,71.2200229960836,45.15128657345639,3.0,75,14.934307432799384,2.85361,8.49335,6309.0,0.9570659350733238,2.145237462641849,0.0476713203808216,-0.0079000187493406,1.5727296398557409,2.446828963014637,0.6162952431173654,3.844040444277924
TIC 69068526,1196.01,0.6295324675324675,0.5527269841269837,False,False,5.537661305806309,0.096,5620.677293602938,78.13685396329959,73.54870580065077,13.0,40 54 81,16.8494720153958,2.06,10.4318,6689.0,0.7668407144122134,1.1254939262264982,0.0173358381270704,0.0022468062427668,1.0674266363670886,0.5645835229133459,0.3899461712879195,0.1492028688150462
TIC 207238953,4407.01,0.6254269841269842,0.6245557720057722,False,False,7.1366379511409495,0.076,866.6258528198246,9.582353828909197,8.58576019413954,12.0,29 30 31,3.268749817253741,1.01775,10.9015,5559.0,1.0686074171679616,0.4712365600765463,0.0106492721811465,0.0252158477729229,1.1074032047597655,1.1550649155188002,0.5084363954821616,0.5338763209949743
TIC 193220940,2806.01,0.6171601010101014,0.5862990620490618,False,False,11.40456718256644,0.176,984.1707719040472,15.225792885857008,15.040186752050548,4.0,62 99 100,5.031266441153136,1.47,10.0524,6334.6,0.944128175369406,2.476599379444822,0.0154324138025195,-0.0483232907071848,1.0107548592449758,2.126512771769774,0.7559828056618116,11460.940014305615
TIC 294395926,678.01,0.6170795093795095,0.5862180375180374,False,False,11.331102173872887,0.156,976.948158848634,10.958791653204129,12.097539969110228,6.0,7 8 9,3.604420883593727,1.057,10.9162,5624.0,1.0144219366813514,2.7634624939342203,0.0137674162324387,-0.0963888959421004,0.9007335460271612,4.21555851326759,0.868067536402369,3.0922029492126675
TIC 419877797,7178.01,0.6145044733044734,0.691991919191919,False,False,5.218091471065812,0.096,409.5805832673438,9.983256555436752,10.10526584431579,4.0,56,2.428774059769177,1.1,8.3898,5966.0,0.6962017647721704,0.8083412987941127,0.0183975310767006,-0.02932704237046,0.9949462369501524,0.315779951184012,0.6819738774962689,20.05810303878668
TIC 101520163,5129.01,0.6101818181818183,0.5114412698412698,False,False,7.412147645452737,0.076,888.879554129307,11.856310118051963,11.574847048427417,8.0,44 45 71,3.870732601399345,1.19,10.1843,6178.0,0.9580354170208848,0.064594439336561,0.0102534384952011,-0.114308835827337,1.0174862630100232,0.9681975492068158,0.4572087664367705,2.640117769949215
TIC 308778563,6285.01,0.608970670995671,0.7115349206349206,False,False,6.859403459012518,0.2,2999.0712323462176,31.37291633822839,33.929626954263505,3.0,85,12.666423427612251,2.12,10.6006,6605.0,0.8723303932254521,0.4068078461776371,0.0291570544282858,0.0062460789584042,0.9230945201592508,1.868952461234988,0.7265863313509265,1.2623617506972225
TIC 316468545,2050.01,0.6083442168942172,0.5945665945165945,False,False,13.591865613226211,0.12,567.8198656356992,8.182108195026741,8.2358010823542,4.0,56 57 58,2.2877718612992624,0.88,9.70362,5985.0,0.9783006163873712,0.7141326963213831,0.0088288100702841,0.1713009535729139,0.9891472504164464,2.6398580400510894,0.778141591668766,371934.4061378514
TIC 68893269,5544.01,0.6068148629148629,0.5038714285714286,False,False,4.205441556729967,0.04,1284.368427715843,14.016615305964686,13.719540688896226,14.0,43 44 71,3.4322271480120934,0.877822,10.3535,5086.0,0.7689772480985999,1.2556963846953797,0.0095114863589027,-0.0124120285783706,1.0123114356426055,0.9672841926849264,0.3527377453564529,0.5421465291157971
TIC 146523262,2465.01,0.603027417027417,0.5101260461760462,False,False,3.760129674626269,0.12,935.302582912634,19.7239956141164,19.415417089910232,16.0,32 98,3.3868566081794764,1.01507,10.2994,6808.4,0.7917761597981272,1.54512793966605,0.0319137929762827,0.0549649672391045,1.016836955294773,0.8449924497555531,1.1387094861502822,4.995252028520801
TIC 219253008,268.01,0.6018763125763126,0.6569167388167392,False,False,5.067429918266247,0.2,3657.6896761428834,79.05082827300957,78.71491112168445,11.0,3 4 5,14.318183127861776,2.17,10.0733,5868.0,0.9460454748671452,1.868616639105155,0.0394677387207808,0.0175811471417599,1.0029021645520564,1.8966342139351908,0.6111795273346944,0.4675056953123864
TIC 388898854,5712.01,0.5998314574314573,0.5244195526695526,False,False,8.210574467250968,0.156,593.7698459143048,7.843084552828212,8.274116930921807,6.0,45 46 49,3.1218561006474803,1.1743,10.5591,6057.0,0.86936049351967,0.823517362105163,0.0189998885732329,0.1294935523034093,0.9453356595138142,1.0113989852110634,0.9049161953485196,10.362478375817815
TIC 33227166,4999.01,0.5984719336219338,0.6619579365079366,False,False,5.587145606040052,0.2,2753.989044417038,32.28900066102159,28.63851441896369,7.0,66 93,11.393546552256366,1.99,10.8235,5698.0,0.8458448016492711,0.4977808481417051,0.0357964538786652,0.0326167652101585,1.126967911840013,4.81497696714327,0.7472746869022863,1.8122907171727909
TIC 467649533,6045.01,0.5950427849927852,0.7203668109668109,False,False,7.482810991161212,0.2,2614.173520391505,38.31557262970573,37.895875918997234,6.0,59 86,12.780708742532353,2.2911999,10.5547,6128.0,0.9916427320609452,0.7672748631228323,0.0267279235351851,-0.0820320528222903,1.0153149232947694,0.5899257009804917,0.6188499699903028,3.0469894568159046
TIC 250983039,5291.01,0.5943285714285713,0.3878246031746032,False,False,2.301228474937654,0.052,2788.039070082737,20.57447438277563,20.30837165771081,10.0,92,6.970429653897516,1.21,10.8921,5603.0,0.6609112726125589,1.0562514592253731,0.0225966263525436,0.0377713859770079,1.0231935275787023,1.1082872365575351,0.4287652744165164,0.34920425333389
TIC 327579226,1532.01,0.594184054834055,0.6421714285714283,False,False,8.905547707698407,0.096,6709.121448939537,79.04887154808283,64.27569715547845,6.0,77 78 84,12.600178280985055,1.41,10.1786,6659.0,0.8407201889773891,2.120325448357063,0.0107797973971901,0.0248738049822319,1.2390332136201443,2.483220649866187,0.4865296158064173,0.3131044934737475
TIC 156987351,476.01,0.5933637806637806,0.553662337662338,False,False,3.0630098824299377,0.144,6234.38765862705,101.06627788727664,24.942582768822373,26.0,87 88 98,17.659382499134686,2.05,8.8742,7691.0,0.8504389689598457,1.48335723961705,0.0470125809342026,-0.0421829601913207,4.08789177746703,8.443863157705941,0.8049391238681752,3225.017944947296
TIC 295541511,1117.01,0.5912712842712843,0.5266222222222222,False,False,2.2280091074803363,0.096,586.7414202045395,14.256618730055871,13.580848443113124,28.0,100 101 102,2.695555612157782,1.02,10.4055,5731.0,0.8445996382292473,0.0696880154345534,0.0430877951430668,0.1123106204247127,1.0651980175561853,0.9341913605237928,0.9577014672856246,1.0367078816028148
TIC 272211398,4909.01,0.5877261183261185,0.6022940115440114,False,False,11.64719300153952,0.144,5107.602037950576,38.665408774208416,28.77895500569649,4.0,99 100 101,15.55662414531335,1.99518,10.609,6496.0,0.9073896831956728,1.3816423030056506,0.0123634939320543,-0.0727840610495024,1.3478214029230244,8.4070874269695,0.7776055258065417,15789.879491060989
TIC 319482278,7695.01,0.5866903929403932,0.5641699134199136,False,False,7.272798202604582,0.108,194.1302759234098,7.834119785635909,7.1087028940342,6.0,55 82,1.32945429369621,0.874585,7.7558,5385.0,0.9161430693077478,0.9305666328583004,0.0148498551714692,0.1932142028461549,1.1046076618569254,1.730964944468384,0.821051752577096,9.268818920394992
TIC 335540507,5526.01,0.586291908091908,0.709686507936508,False,False,10.864724235235702,0.12,935.8916527894002,9.632087983851134,9.451711757374412,6.0,36 46 63,2.511823134072001,0.752578,10.8228,4788.0,0.8675658581264649,1.6689373079078105,0.011044919079568,0.166552060733217,1.0218913067668411,1.200130634693513,0.871971857018742,3.294612596815189
TIC 95079513,5504.01,0.5787719336219335,0.5680051948051951,False,False,13.24719615554794,0.176,1729.623995510687,17.12623137713493,16.06652220565499,4.0,71 72,5.444798943726624,1.2,10.8343,6062.1,0.8476196089028477,1.3375884279876482,0.0132858302944575,0.0756560095644803,1.0629284544465751,0.6940533502621555,0.8567923122419976,12.310965388445686
TIC 147203645,166.01,0.5742132756132754,0.6102666666666664,False,False,5.061116725144386,0.04,5223.355857057799,45.92815947909252,45.30489681663198,11.0,68 95 105,7.902071515183088,1.00217,10.7258,5254.0,0.7737872408942191,0.5195040510380919,0.0079033940871732,0.0324400505750051,1.0007205725792971,0.4516767909167871,0.310071634368581,1.120265054685945
TIC 269558487,855.01,0.5725558441558442,0.2919214285714285,False,False,1.830068642096517,0.04,1319.3566579116075,21.05202196155986,20.77012897949368,38.0,42 43 97,4.834657219827228,1.22,10.6541,6671.0,0.6784900949665474,1.3195946675154877,0.0218571036516839,-0.0258562750781404,0.997110424145912,1.2321172623132957,0.395289749197856,0.3199361265350441
TIC 262880065,2256.01,0.5716746420246421,0.6726817460317457,False,False,13.954036772868069,0.176,750.3188250291837,10.257776590626396,11.80230662871358,5.0,23 24 50,2.43124496022742,0.813544,10.446,5270.9,1.013444072811252,0.2551773610488762,0.0126128376228885,0.1537707394372245,0.9106755779358544,2.4115060983443146,1.033436180845033,5.408824287093703
TIC 202375913,1527.01,0.5692759018759014,0.609071645021645,False,False,5.062575850029092,0.144,2886.711105460349,85.29322266257063,88.98940541958918,13.0,57 84 85,16.17839721725592,2.76,9.6968,7664.0,0.8387296803037907,1.2586396357445926,0.0284440182756318,-0.0057714302841943,0.9932604792775676,1.2300678939990124,0.4872295066445736,12573.48753862849
TIC 68573534,4597.01,0.5685011821511821,0.5353404761904761,False,False,4.6669774968874895,0.108,7270.075459235525,36.9939492757239,33.71317547343788,8.0,43 44,14.60474109044653,1.57,7.82403,7712.0,0.7361335941612683,0.2354849466676289,0.0231413157813654,-0.076875096988898,1.098769989343526,3.023417591988696,0.6651352020857969,0.3296820347342065
TIC 79292541,642.01,0.5624532245532244,0.451023015873016,False,False,2.2786060434712723,0.064,1664.5106054936632,42.711494964217856,36.743035856934846,18.0,33 87,11.70641139662491,2.63,9.4247,8550.0,0.836333405718373,1.596192814921087,0.0280873476059517,-0.0030452088502739,1.1649257283050662,1.7539080057830734,0.3148494510680993,0.7538271035447051
TIC 143410850,2229.01,0.561769047619048,0.4290400432900432,False,False,4.9863581849689504,0.108,623.6683681174471,9.651308688682102,9.779212690477577,13.0,94 104 105,4.4683322410268325,1.64,10.6658,6046.0,0.9909054682604136,2.39202028709788,0.0216590938704642,-0.0347773359810096,0.9886240119355962,2.0154310167650524,0.5292724394351598,5.153436180035831
TIC 438260486,5084.01,0.5608013708513709,0.7293730880230884,False,False,5.832395278109964,0.096,310.67558179942444,16.024645496280982,14.558676079709294,10.0,42 43 44,1.4422467671176729,0.75,7.564,4544.0,0.7412422131843783,0.6873248483789228,0.0164597897471567,0.0211813669089312,1.1278112322165357,9.286792897649455,0.8377217531980334,8.581372747614564
TIC 299780329,1869.01,0.5597704184704183,0.3213325396825396,False,False,1.602441060092474,0.04,1384.550514904381,18.8869103575066,19.305762345674182,36.0,93 94 95,5.654725963302236,1.39294,10.9679,5435.9,0.7443595310171854,0.6716511980926044,0.0249619165385662,0.0526947479374682,0.9782933643514662,0.841688794161136,0.3364752548925261,0.3608201733086456
TIC 393965778,2092.01,0.5564739926739934,0.5397481351981355,False,False,4.303268081421743,0.084,560.1327994566585,7.136784126495695,7.259167064078216,10.0,23 49 50,2.711187489106486,1.05,10.6375,5468.73,1.2225550270565186,0.0121747901980491,0.0195200481147452,0.1391406324317878,0.9926217740703244,2.0349207079430327,0.6386673037365813,0.1905222170324228
TIC 29119552,1709.01,0.5561246031746033,0.6684825396825393,False,False,7.62877142338786,0.108,9886.001272263578,122.70290524305716,121.25800079738116,5.0,47 60,17.356216716121917,1.6,10.2061,6157.0,0.8172586778476636,0.4357658999592947,0.0141569322248795,-0.0096675001509279,1.0167259158546755,1.1107528763496144,0.4775624717673744,0.3690044059241839
TIC 158845573,5782.01,0.5533893883893882,0.4971570707070706,False,False,5.001154292388837,0.188,806.6244812434675,10.242564012770588,11.071762464551188,5.0,79 80,5.670371848176208,1.83,10.6582,5641.8,1.1321861161350597,0.203825371334272,0.0375913217246893,-0.1582252820876694,0.9255018409383126,0.4341828463918422,0.7908886915241183,49172.43227022969
TIC 452375478,2463.01,0.5522522366522366,0.430642784992785,False,False,10.681935667890496,0.2,742.1297506848834,24.880852254280704,15.766800297687194,6.0,32 33 87,9.547957961691164,3.2125199,9.0318,6481.0,1.0286821152582688,0.2045312382872959,0.0187231983245501,-0.0593648999164246,1.5773753418519605,10.730260907457367,0.4092412146844292,1.5579115806010997
TIC 141074654,6557.01,0.5449108225108226,0.4634498667998668,False,False,12.537453064016267,0.12,748.7898329372466,8.07249712088354,7.582265969186895,3.0,102 103,3.672060530167297,1.23,9.8987,6018.0,1.177717671681319,0.8445839868276995,0.0095713219732332,0.0368828948143282,1.0650570118273308,0.4391670666020671,0.5722788992187577,19.63412156403133
TIC 71512186,525.01,0.5399963591963594,0.4462208624708624,False,False,14.869687406850565,0.2,423.5575651125867,13.231394803413064,11.974850832522604,4.0,6 33 87,3.642627964123208,1.62231,8.7784,7064.0,1.1788820128233282,1.2412918252034577,0.0134501818718703,0.1515150170698955,1.1061663114570452,3.3600366955722,0.7749304600002423,11.6377656082595
TIC 178215634,4659.01,0.539879292929293,0.2991198412698413,False,False,1.0452267965006028,0.052,1219.260121178567,12.35887752160222,12.569438265258436,16.0,106,5.790506096972473,1.52,10.9774,5921.2,0.6907388800851857,0.943010605203496,0.0497499683074476,-0.0698742814389989,1.0037923232299406,0.6722623823608671,0.4572109259759369,0.0675925485272469
TIC 92677094,1197.01,0.5273795815295815,0.4911414640914642,False,False,4.59599895747319,0.188,5245.412220416412,104.06104459684636,46.47276572913612,15.0,40 54 81,16.751373550507754,2.12,10.4247,7649.0,0.829477605140946,0.1863034324998716,0.0409051441785703,0.0314480182044455,2.2536800348195865,8.02705386156603,0.8558228664208927,0.166871480397794
TIC 219824470,6972.01,0.5140911976911977,0.5399352813852815,False,False,5.481012152936753,0.2,2111.380177561073,20.452687293475247,20.420902324916025,4.0,49 76,8.62256381935385,1.72,10.388,5907.0,1.0707659006340864,3.562234317987477,0.0364896107542544,0.0662858394626262,1.0120941343073715,6.182311131810478,0.8858595864140716,1.609254342331886
TIC 399868187,2473.01,0.5112769674769677,0.3977458874458874,False,False,1.2332387575042556,0.084,5448.917327255942,114.33016398078666,51.65955569655603,44.0,71 98,12.321718727135814,1.53,10.5347,6589.1,0.9085175254062576,2.4115064575868925,0.0681133312498169,0.1711425327689109,2.284255334332659,4.952334256254988,0.7530625520178926,0.2050762787884524
TIC 377097547,5507.01,0.5098858363858366,0.643688023088023,False,False,1.5067880335335258,0.04,747.6182442611723,10.524594425821352,10.61820037397732,40.0,45 46 72,1.0645981065048014,0.356879,10.8055,3514.0,0.6158124648384066,0.8762800553188108,0.0265465341572942,0.0108414753798352,0.9781590946741509,1.6239630936681402,0.9043438100652912,1.9035514986373168
TIC 332660150,938.01,0.5098324675324677,0.4208888167388168,False,False,8.812314537423081,0.164,2451.488133696112,20.270060576098672,19.003022347489463,3.0,32,5.347796133262177,0.99,10.8479,5981.0,0.7802222251818881,1.197655728548074,0.0186103207396359,0.0799148509216035,1.0667872546872854,1.1678988385061024,1.094124519597495,0.4238895674935892
TIC 142378043,1997.01,0.5089458152958154,0.2830603174603175,False,False,1.8359958269338823,0.052,913.0499458982478,25.01136289025064,22.71737835669164,36.0,90 100 101,5.307596440460302,1.61,9.8916,6311.5,0.7184701162048337,1.022044001538557,0.0283225044617013,-0.0728544840509977,1.1139632820081102,1.1626522885227288,0.389256122910347,0.2652108007944032
TIC 316416562,5630.01,0.5081909090909091,0.4479436507936508,False,False,3.221168885896457,0.12,647.7675915488312,13.649489098279478,13.826390371681704,15.0,24 50 51,2.5823630988781683,0.93,10.3331,5382.4,0.774009222784052,2.022477390484204,0.0372535574043966,0.0665657122062604,0.9895456189930352,1.9049325196311784,1.125849646108846,1.8766591823579413
TIC 335813325,5708.01,0.5065093795093795,0.5850269841269843,False,False,2.6955351158280623,0.04,592.5719046190326,12.210699788888268,11.905122319695932,15.0,46 49,2.6333738931459854,0.991556,9.1454,5521.0,0.4254697591059022,1.6681800884442068,0.0148393540730082,-0.1134281699908135,1.0158281873252124,0.5050046093968403,0.3786784074579629,1.4289182011937114
TIC 46698351,4645.01,0.5028701520701521,0.3863274891774892,True,False,5.086525370680988,0.2,5991.430627269479,96.64488026967476,81.71407726023152,9.0,99 100 101,25.50333414774286,3.02,10.2381,8972.0,0.969454813483966,1.2616298845261855,0.0393195718933814,0.0206178050572876,1.1853467203155563,11.818178716897428,0.6658124431411816,297.6656218085428
TIC 65212867,1007.01,0.5012688311688314,0.5793396103896106,False,False,6.996165400330143,0.156,2275.976601308627,43.92417646775232,33.52816081913007,3.0,34,14.053108883560425,2.7,8.87759,6596.0,0.9110026968707428,1.1234713635527338,0.0222979290902182,-0.0436075817052505,1.5123554510974462,0.5869974076679034,0.4420939976235297,2.676012687138777
TIC 122613513,279.01,0.4939103896103898,0.6472220890220894,False,False,11.49337428698656,0.064,943.7783001062794,9.945516355880612,10.338718814753417,8.0,97 105 106,2.4467106056456056,0.73,10.5012,4140.0,1.1835024931337186,0.0290114639719957,0.0055684256339293,0.1120077295021459,0.9730926980134708,1.954729858952868,0.4238001781213185,10.99683796950244
TIC 56655478,5066.01,0.4894007936507937,0.3069649350649349,False,False,1.3451206488660945,0.04,958.8483887357224,15.449491710263208,15.103681315558877,27.0,70 71,6.756623473282329,2.0,10.3418,7509.4,0.843922226164107,1.4781342806679172,0.0297371094806395,0.0434223002242637,1.0105810675804237,0.6589930520184113,0.2861503032709673,2.670116174977283
TIC 434116397,5955.01,0.4860345598845598,0.6228879065379063,False,False,0.5901849419118468,0.04,500.21295053503945,13.093650976849991,13.102982873082896,80.0,56 83,1.441895695201953,0.590924,10.3224,3844.0,0.7586411582690689,1.5698525749175658,0.0677753652447042,0.0946286088177894,0.9902979209685346,0.89476365542506,0.8884876000826086,2.140363803291704
TIC 307079330,4301.01,0.4846466810966811,0.5304315295815296,False,False,6.54430027304477,0.084,579.1649098185748,6.911524071346501,7.0457518064367335,7.0,90 99 100,2.5730720473745423,0.98,10.1737,5686.0,0.7055297969455003,1.2461422549015029,0.0128355968545615,-0.0470759760192505,1.040350788166217,1.0733427325178693,0.6068026738230147,52724.76349172148
TIC 22186226,4385.01,0.4831156343656343,0.5457508658008661,False,False,9.21743688507532,0.2,2349.475823713698,32.03217756279406,30.65795223669621,7.0,39 66 93,14.616505355071554,2.7639699,10.6163,6840.0,1.063225278687401,3.350092363855272,0.0216980059091954,0.0319738873417958,1.0704479100976023,5.059379946214077,0.5190391687842951,1.2824519456917165
TIC 457337619,6541.01,0.4827139249639251,0.5276055555555558,False,False,5.886460237137866,0.164,366.95900535732574,7.973700632612149,7.540824037060411,8.0,90 99,1.5883533299611443,0.76,9.1069,5419.4,1.050565002601386,1.4987815771006094,0.0278605466431793,0.0540933539287653,1.0995795707497105,2.948135395001781,1.5455600257447206,5.85345045788358
TIC 375223080,1095.01,0.4812539682539683,0.405309018759019,False,False,1.4821587476053788,0.076,2047.962317381469,54.61512661159825,52.14208091562516,48.0,63 64 65,13.156457249446168,2.6647301,10.4291,7066.0,0.8150887175267773,0.0702467356998998,0.0512765586836011,0.0297924659674513,1.0432566766223788,1.6172570648942513,0.3829089993454384,2255.5647587045505
TIC 284477310,2160.01,0.47821785991786,0.4671587301587303,False,False,2.239296529614592,0.064,466.73693566090526,8.383969252098852,8.193227812397492,29.0,53 54 56,2.946258502627204,1.25,10.6071,6021.0,0.8340186934237732,0.5756084391106857,0.0285804042267752,0.1817745979626378,1.023933681986797,1.3135759468449115,0.5349387578360936,0.6605276054127572
TIC 421951960,4183.01,0.4742608225108226,0.4229565656565656,False,False,11.790823145715208,0.076,651.568577031969,11.678870430733925,11.493936598411162,5.0,1 28 92,3.4674964530466923,1.24512,9.10478,6407.0,0.8370047869820793,2.366358380434684,0.0064456907766968,0.1236601402847674,1.0328158399460332,6.9876468565503895,0.3848721137838774,33.357755872230314
TIC 81831095,1675.01,0.4673492063492062,0.3032546176046175,False,False,3.132977274512844,0.04,1183.8056997508506,18.145916697439144,18.167278992960654,18.0,58 59 86,7.732718211134672,2.06,9.9944,7478.0,0.7927870157108584,1.2087790777943752,0.0127674082813829,0.0114131108713234,0.9895390692281506,1.5239350946919672,0.2104988854071571,1.369539778420135
TIC 238317637,6459.01,0.4656980519480519,0.403333261183261,False,False,5.149606630689172,0.188,605.5159774718267,13.787426293929796,15.481410853299614,13.0,34 35 62,3.033653660136572,1.13,10.3823,5588.0,0.7773420683151208,1.4757125481775606,0.0365076429099672,-0.0685968665649168,0.9178816429146948,0.7680321627155497,1.2124718022782677,10.210270435058025
TIC 215018906,5217.01,0.4628840548340547,0.433362987012987,False,False,4.36942552441686,0.176,4183.650927990557,30.5694049688471,34.735839042337034,6.0,74,17.288947498862594,2.45,10.9992,6029.0,0.7730120855030367,1.296587136661867,0.0402798946947353,0.0389304448318055,0.8762646502464735,1.1731720489193591,0.6027175306199309,0.0914406034856872
TIC 454038613,4340.01,0.4602465367965367,0.2799618326118327,False,False,2.668073538225271,0.096,609.2634169643229,13.410122362654004,12.51233226806438,14.0,90 99 101,3.87783917416531,1.44,10.0116,6406.0,0.7440445236106922,0.3071200154289326,0.0359810172488186,-0.1263626821571404,1.0765654016723951,0.8344453009731452,0.6895235464446804,95474.28801687964
TIC 285505979,6299.01,0.4546109668109669,0.4770530303030303,False,False,4.709889249953233,0.04,3984.9529494804246,16.277237185094673,13.943727060228015,4.0,18,5.854034469705246,0.85,10.9907,4351.7,0.8755588572303173,0.0150227946419508,0.0084927686994757,-0.0412681051214558,1.156593407827338,0.1036614424996707,0.3253729278711035,0.9069750940438992
TIC 397522142,4973.01,0.447546120546121,0.4225255189255189,False,False,7.948776450725093,0.04,8459.006177964135,45.01199610020735,34.93245633215204,6.0,64 65,9.331841853670031,0.93,10.7271,5742.0,0.7111382994010436,1.2303425803424928,0.0050322210277219,0.0122140299091671,1.2740230386973663,1.5665132044064314,0.2863717752054954,0.0308541327988417
TIC 80166433,1125.01,0.4464075757575755,0.2888634199134198,False,False,0.773029668835093,0.04,300.3163994312885,21.54474721182474,20.17629833119693,77.0,67 104 105,4.731820450930297,2.5027299,8.0465,8271.0,0.8611025322889713,5.300363643682376,0.0517444564065406,-0.0149847372015204,1.0659979831678903,2.121494898606309,0.2912870925838842,0.7248562650830102
TIC 139879080,6899.01,0.4434868686868689,0.4344504329004329,False,False,2.862640657015296,0.12,174.71141124669742,6.995308615237434,7.091340449331828,22.0,95 104 105,1.3418114568492343,0.930478,9.3703,5503.0,1.0825274009540744,1.053158273403262,0.0419193375549681,0.0842602956400513,1.0050175359477695,1.9792198395835103,1.1865832920761203,26.233643177394203
TIC 233953967,1350.01,0.4432880952380952,0.4723642135642137,False,False,5.538305033169708,0.2,2915.0390326124766,45.73046811686733,30.58328681508348,15.0,55 56 57,19.968554869317632,3.39,10.3589,6415.0,1.095044503418268,0.5846959982314102,0.0361121315641105,-0.0205983714325828,1.4906766633211157,1.048200182809258,0.4796993205220665,7338.474496469469
TIC 206906112,2504.01,0.4398236430236427,0.4325701076701075,False,False,13.57608185635075,0.132,3188.906779641787,24.262890608571748,25.31222655164323,3.0,71 72 87,10.441837498453395,1.69485,10.6358,8389.0,0.7261415995770308,1.2892767577752426,0.0097229820353691,-0.0454330620916035,0.9505068651010338,1.7804086369148484,0.5499965816769808,4.135943765526321
TIC 224297408,5733.01,0.4379055555555555,0.460476984126984,False,False,8.275204013659167,0.076,1133.5158228946707,9.071970731226603,9.179901215473087,7.0,22 48 49,3.057033340669709,0.832265,10.968,4388.89,0.8760286221302094,0.103867593446846,0.0091840636042994,0.2480995962806683,0.985835247730926,0.7591977603200983,0.5254782879875752,1.971499599073364
TIC 308300731,5743.01,0.4367733766233764,0.4444136363636364,False,False,7.660348869568705,0.084,8904.546423867843,71.32315958800699,52.447699724777706,6.0,26 79 80,8.95673869897538,0.87,10.4748,5250.0,0.7811623227225847,6.370277651473074,0.0109655580222587,0.0211511051995382,1.3613260275798218,36.97942865938978,0.6225219223017991,15333.275683535408
TIC 262435954,2478.01,0.4359997113997111,0.4944984126984127,False,False,2.6469391875475927,0.108,461.3941331984561,8.246505921571686,8.941234567243646,18.0,32 98,2.645083032472808,1.1287,10.6827,5748.0,1.0772807936008304,0.3686253409809687,0.0408018440726108,0.1157817552501466,0.9315408502192796,1.5698329515667055,0.9178693971175262,1.381399813785279
TIC 13574009,5884.01,0.4285714285714286,0.4312606060606059,False,False,5.828605628857066,0.12,4175.2369722845015,40.99509563251181,37.50703056107318,4.0,82,16.143615221437543,2.29,10.5002,6390.0,0.8725675367851115,0.724625808385861,0.0205881144893192,0.0258421309749317,1.0910268367967288,1.8689994531449543,0.4186449200681791,0.4191262683750985
TIC 298437387,5629.01,0.4262873015873017,0.3635520202020202,False,False,2.285259101037933,0.04,1100.4011078241672,7.282846075495438,7.014491660370042,5.0,50,3.29337854845046,0.91,10.4671,5299.0,0.9705423893643376,2.434517327948489,0.0175034857018324,0.1773623327984412,1.025023305684864,3.214121226227883,0.4271027251073838,1.4741555976951572
TIC 128558444,6009.01,0.4242649350649352,0.2694842490842491,False,False,1.5500624060639516,0.052,2471.316390881273,44.49724753138225,42.79521330586715,33.0,56 83,11.064176439726106,2.04,10.4403,8552.3,0.5801473079604358,1.1752301294694991,0.0335470364267737,-0.0280077059368611,1.045043150128602,0.9410027759044972,0.3835378160722097,0.0993520058276192
TIC 315350812,4373.01,0.4241682539682542,0.3073936507936506,False,False,5.942348712812925,0.108,1196.7933248011598,17.204987454793766,16.937888625107078,8.0,65 99 101,6.15207943086099,1.63,9.8459,7217.6,0.7336348698828563,0.0061782837759259,0.01817463181976,0.0437692915786765,1.0154013343301054,1.4929297408976918,0.5198042272560741,105105.16858537178
TIC 413343957,4365.01,0.4221795815295815,0.3248989177489178,False,False,3.3784385358528897,0.084,1255.485976454751,17.628411616613317,15.159830949630784,20.0,65 102 103,5.450668832307593,1.41,10.3593,6311.0,0.806057094836624,0.6277545828982998,0.0248635572642715,0.1560595000488359,1.1974666019542688,1.066417650239502,0.5616066031145298,1.249202374439487
TIC 428251130,3769.01,0.4170945387945385,0.4875420634920635,False,False,10.337190276080126,0.156,5726.77560000856,42.63042998123103,43.0676073779517,3.0,59 86,14.0355279997535,1.7,10.5375,6650.0,0.8404666203738491,0.972974186507942,0.0150911413869374,0.0342359187771159,1.18695653598579,7.308153832493869,0.6203528075115696,1.1842654884864685
TIC 443199889,6624.01,0.416026984126984,0.5215911255411256,False,False,10.302541507942053,0.132,3526.838288288702,25.84070395783836,25.34202285880907,5.0,99 100 101,13.02307619402406,2.01,10.8833,6387.0,0.91477123774447,1.3293152247788822,0.0128123725488748,0.0412006240814205,1.0733581963938748,0.9058737440697526,0.4328377047153948,2840.564202512672
TIC 141363913,601.01,0.4145484126984127,0.4454308080808082,False,False,3.4777506767428026,0.084,1312.1418966469678,29.556714994568992,26.83032465150025,17.0,35 61 62,12.25114967542401,3.1,9.9223,6221.0,0.8719825476505914,0.8257818552433948,0.0241535428522072,-0.0587502138969573,1.105964721300832,1.6018673319265326,0.2499523386066179,3.5868837780627314
TIC 43429656,2163.01,0.412897619047619,0.321418253968254,False,False,5.213313341727658,0.164,924.415119640032,16.559185608656925,16.973310438852995,8.0,52 53 79,4.876133702946908,1.47,10.235,6318.0,0.8697641712022128,1.1184444275485064,0.0314579211434184,0.1464129473881123,0.9819296997962268,1.796958264476531,0.9144600934965996,4.317788441091976
TIC 202504234,1293.01,0.4110865079365079,0.2698851370851371,False,False,1.6849945705694929,0.04,987.6871388215802,11.371336000450455,11.247128636371212,25.0,75 77 81,3.8059004879174574,1.11,10.8605,5923.0,0.8223251101288354,1.1092934138829065,0.0237389488955331,0.1314512716318187,1.0080789339930611,0.9806327215502048,0.4097800339259068,1.610519459020043
TIC 275722992,1381.01,0.4102857864357864,0.4376305194805193,False,False,6.560438463190084,0.12,1801.7971989012783,27.54581396160216,27.299262079934056,12.0,75 76 82,12.133301670928088,2.62,10.379,9976.0,0.8608898371314047,1.6534419074738134,0.0182914603457234,-0.0971714633168955,1.0526204393821208,1.2792805017195656,0.4418089314425523,8485.350329809018
TIC 322046084,4449.01,0.4054411255411255,0.6159776334776335,False,False,2.751922437094745,0.052,8135.602901084726,128.48355934988814,128.81158338379748,21.0,40 74 80,12.59591123631282,1.28,10.3446,5856.0,0.661460219552284,0.1954867524094633,0.0188958814024196,-0.0010989338636126,1.0036680042086237,1.605756140786291,0.3904084913605869,0.3226671686443607
TIC 321041369,1681.01,0.4053712842712841,0.355154884004884,False,False,1.5379240635452027,0.04,1110.3553111927456,16.883862193626857,16.44579091604766,29.0,59 73 86,3.3809495184148366,0.93,10.4445,5672.5,0.5819192485289925,0.8034298936513925,0.026009086500534,-0.0026901473135136,1.0231153069023544,0.7680893903489743,0.4951293549701678,0.7416038097956525
TIC 195187769,5550.01,0.4045464646464648,0.5684453601953602,False,False,13.957032024711731,0.132,433.00805476209626,8.365533400233195,9.118781881478752,6.0,44 45 46,2.5653769107938658,1.13,9.62527,5923.8,0.6940261383787549,1.9050897297804623,0.009457598131629,-0.0162442235541633,0.9155894147463864,2.5798947517765534,0.6542565150081054,3.117980950044287
TIC 464658144,6688.01,0.4028825396825397,0.3883601731601732,False,False,4.959058128788187,0.052,3204.21701804996,27.62799164711076,26.30119521362525,12.0,101 102 103,5.442379028348498,0.881258,10.6834,4900.0,0.7790141663920715,0.7242602548777037,0.0104858621636497,0.1312641348900594,1.0601241665824883,0.6347991362574391,0.4239199780978098,1.7498828024413209
TIC 147951030,2067.01,0.4018861471861473,0.5318595238095241,False,False,8.812765922225408,0.096,672.0559529078685,8.60673781914324,8.931013173818375,8.0,14 20 21,2.488915423021474,0.88,10.4547,5491.0,0.5860065776475178,1.894128989367648,0.0108932883100743,0.0766034975491055,0.965606769416094,0.7509085166301254,0.6899816829922627,2.076205785236936
TIC 80682484,2810.01,0.4012738095238095,0.4637309523809524,False,False,8.403237293871262,0.176,562.354150557609,15.963785984051093,16.354483967676966,5.0,90 99 100,2.716558126378943,1.05,9.0397,5910.0,0.6967065333799339,0.1269570039190649,0.0209443091805062,-0.0140887424769398,0.9757395611051396,1.622305437374303,1.1085756198894834,15549.957143678905
TIC 361344753,6595.01,0.401182806082806,0.3334950937950939,False,False,7.513980762475953,0.084,1582.728634279107,11.428527061769062,11.40133442640725,7.0,89 90,3.8629402167785902,0.89,10.9743,5139.0,0.6213994463025085,0.9816634515224156,0.0111791609075561,-0.2634983266335228,0.9999563810846062,0.5441212102242762,0.6076552043636341,6673.552702359512
TIC 272167060,3495.01,0.4009815295815293,0.3506482683982684,False,False,8.412285708140795,0.096,482.037514433542,11.011329200892488,10.421102619057653,5.0,99 100 101,4.608828547067377,1.92409,8.734,6529.0,0.8057523154607277,0.2744269152030439,0.011411880591157,0.0889676580301131,1.0640349702794472,1.4149058283454283,0.3578266905104347,62937.558934487024
TIC 54238138,6529.01,0.3993745310245311,0.4324920634920635,False,False,7.4476468643258835,0.076,1014.5996482915364,8.980278669617018,8.254992223099213,7.0,90 99 100,2.536851025753383,0.73,10.8273,4526.0,0.9047423501686516,3.130263683046353,0.0102045654667165,0.3883707320880711,1.0870599907674112,2.083905605683748,0.6263699454108526,59711.52389124153
TIC 50592053,7050.01,0.3963632756132757,0.2197124819624819,False,False,1.4175765344486624,0.04,2405.2719651301845,23.31718857880223,20.151272782673928,10.0,80,9.363644004754136,1.75,10.3139,9267.0,0.7226679654415176,1.042325229235795,0.0282171713681456,0.0241344530295394,1.1473966755513658,1.6276252354295144,0.3561747276087002,0.3442382951256195
TIC 51768374,7177.01,0.3943309523809524,0.3092642857142856,False,False,6.829549879484872,0.132,940.3906881274572,12.579388058514697,9.503214746950848,4.0,56,3.814026989395968,1.14,9.94212,6060.0,0.7177426875884957,2.852200260227465,0.0193277744989478,0.0453045940239978,1.339640222921673,16.533181233875833,0.8406326449336213,12.124509249515494
TIC 235333495,2599.01,0.3888715728715729,0.3970075757575758,False,False,4.151308938387355,0.2,1023.9303200338944,9.714348465955291,7.964991899459219,4.0,87,12.323516690404414,3.53,10.9402,6352.0,1.0560922134423376,0.1276315291975788,0.0481775755474593,-0.1047485235767349,1.2274503689047256,1.6001768771248723,0.5013888902114659,7.795785558519788
TIC 306485267,4637.01,0.3872460317460317,0.5092738095238097,False,False,14.357257132868607,0.108,951.123606681592,11.423268104070246,9.55121854332479,6.0,42 43 71,2.909266973866002,0.86465,10.3991,5142.48,0.8531259368169728,3.060183118396419,0.0075223281857055,,1.196001123024643,1.968830460778464,0.6469754157267927,5.490316113471218
TIC 311130133,4318.01,0.3792563492063491,0.4301285270285271,False,False,1.1343483941347952,0.076,361.7023890276627,9.42499096740588,9.133511183860834,38.0,5 32,1.757125690007472,0.846842,10.3687,5683.0,0.5370176140278349,0.4376694329035007,0.0669988165831254,0.008179241561134,1.033311540558748,0.9618994102992312,1.1398086276139348,2.571610007843938
TIC 26469462,5117.01,0.3738632756132758,0.3685975468975467,False,False,11.69831925743651,0.144,1100.8914951671222,12.8483167473823,11.125231052685995,5.0,71 72 87,4.199088211938079,1.16,10.3657,6247.5,0.9337176663238452,3.2167129867525084,0.0123094606012278,0.0982851213683603,1.2697842286825094,9.899906392249656,0.76789169422159,31.863420101466744
TIC 104986789,2578.01,0.3736101509601508,0.670607215007215,False,False,3.457966410543595,0.084,9908.64923451662,143.44901009072493,150.6428466726208,15.0,59 73 86,13.752086165197133,1.2663,10.5863,6427.8,0.6581900228448644,1.2440904786876072,0.0242917339346842,-0.0121791461172208,0.9478069512669882,1.1614641488097517,0.633322315970736,0.3433484079086516
TIC 198213332,1131.01,0.3704269841269842,0.1842111111111111,False,False,0.5860546148966108,0.04,465.9372373416737,24.21647062582417,23.653215656555425,99.0,47 48 49,5.647328782078463,2.39803,9.2872,5579.0,0.5200932842739135,0.3404535673300507,0.0682530245189804,0.0500963536006377,1.0113344082999216,1.0856718346649878,0.2613727987333498,0.1834236698475576
TIC 260985861,149.01,0.3696208624708626,0.2690444444444444,False,False,3.339823764884646,0.156,8791.215455454692,85.10223667925882,79.33724307341865,19.0,11 12 13,,,10.8727,5095.6,0.890328679713394,1.0168928701673574,0.0467090514296607,0.0212493457877391,1.082243245724528,2.0011541261119423,,0.1881871746937995
TIC 199949052,6010.01,0.3679700577200577,0.2108869685869685,False,False,0.5868447589911214,0.04,991.4898645525528,27.45395973731313,25.92801926041501,109.0,76 77 83,5.084293411652342,1.48,10.4963,5842.0,0.4078125579574989,1.5793404243679947,0.0681611267497153,-0.0291598605157742,1.0416828169625192,1.0165962317784862,0.450397848246143,0.1376529626677731
TIC 403135192,2226.01,0.3664275613275615,0.2104740259740259,False,False,0.90175818009563,0.04,1002.5278424123928,34.15898784523754,33.52149698105781,65.0,102 103 104,4.697987753530913,1.36,9.6968,5828.0,0.5149842429617456,1.1594595275543191,0.0443577900183373,0.0295627741121273,1.0171701207185408,0.884668814072613,0.3263234540837639,1.048032932832671
TIC 406672232,1263.01,0.360460028860029,0.4597864357864358,False,False,1.0214514056574877,0.064,245.8577880510848,18.66733208673316,13.85494031016916,69.0,55 81 82,1.402751003236328,0.82,8.5325,5098.0,0.7480337468731784,0.2794387761576958,0.0626559419719085,0.0924457465673731,1.3581626005146323,2.134114850012896,0.9740339264377664,70203.45160171056
TIC 193413306,1091.01,0.3579391053391053,0.2923708513708514,False,False,1.7257871153185598,0.164,3829.55913847427,66.33126393252736,45.55614683000961,25.0,99 101 102,16.136042973437444,2.39,9.3529,7348.0,0.8814939334765118,0.5058628824810047,0.0950291021089977,0.0948491790157398,1.5007489175845248,2.741533001983345,0.8929903613114978,4168.585469342305
TIC 265010875,6104.01,0.3559992784992786,0.5256064935064936,False,False,6.410748797695991,0.2,2843.0432859388734,50.48619322170522,49.3123232704213,7.0,61 88,18.501594381309,3.18048,10.4146,6316.0,0.9435788325172506,0.2126908429992951,0.0311976036359246,-0.0216366715661942,1.0205772026986035,0.8628632802360054,0.4812390015850527,3.7933480895217713
TIC 219306934,2201.01,0.3519831168831169,0.1813783549783549,False,False,1.3477581517004629,0.04,664.3486917494723,14.533559335777236,14.136407072698823,42.0,101 102 103,4.1337111604675965,1.47,10.2001,6252.0,0.6630561201393955,1.187009026387455,0.0296789152783324,0.0470957428203213,1.0230137020047754,1.1879113975880065,0.3474413642131406,1.3680609493490312
TIC 119700084,1413.01,0.3510243145743147,0.3194809523809524,False,False,6.115808000287789,0.04,1240.3556615891987,14.63083502384831,14.612911514033538,12.0,16 56 83,3.420117758116672,0.890109,10.1188,5427.0,0.4253796976188736,0.6288915208590763,0.0065404276913398,0.1890021688006827,0.9897903566992472,1.6716093732605783,0.3182455042821197,0.3130565834424214
TIC 387329912,5749.01,0.35033658008658,0.424897186147186,False,False,5.434677157618854,0.2,2142.195505379529,34.42556126242212,33.29746144254562,10.0,76 77 78,17.1685342625382,3.4,10.7778,6024.0,1.0155213651240405,0.6303299409261731,0.0368007140441858,0.0525660147205107,1.0395891162025677,2.430517921489366,0.4605503013662904,1.2669672940205283
TIC 21720215,7045.01,0.3418728715728714,0.2825792207792207,False,False,2.274824506507974,0.064,1159.0721077161525,11.282622892222092,12.41977185543154,4.0,79,4.828623352034395,1.3,9.90787,6320.0,0.5327209964643747,0.3771782883073604,0.028134038391491,-0.089022960803318,0.9162527920247,0.0729242746400619,0.5333523194291444,8.902884911829302
TIC 179739873,6556.01,0.3375242812742812,0.2931952380952382,False,False,12.962186974455388,0.156,2065.4272163193045,25.357772544782257,22.970418596798456,4.0,38 102,6.891987777328797,1.39,10.1115,5996.0,0.7664053656429818,5.397664771210152,0.01203500615347,0.0221190229793577,1.1434523216538837,21.078244299282805,0.654171373212449,0.1470566505324379
TIC 14091704,445.01,0.3358317460317461,0.298777344877345,False,False,0.7649552108821503,0.04,1872.047519198228,96.42737624229274,90.84923256220117,77.0,5 98,7.788738607748815,1.65,9.1577,6307.9,0.5851570174881967,0.2289073102264733,0.0522906432049424,-0.0052530872490765,1.052911315301319,1.0046996994971462,0.3410499354997231,0.39921655657526
TIC 241040309,1559.01,0.3317123376623376,0.2893920412920413,False,False,3.4648748612547924,0.04,1313.882140138389,13.128116041601755,13.295930695115334,11.0,58 85,10.044693093685506,2.54,10.3978,8455.3,0.8246647644364224,0.9596966428955358,0.011544428471946,-0.082290579233809,0.975675776108606,1.877494615571858,0.1757994581005791,1.4268563135791434
TIC 175482273,369.01,0.3302935786435787,0.2655928571428571,False,False,5.464014764146524,0.108,2966.631274911702,93.6893565123821,79.22875219550914,9.0,29 96 106,,,9.1692,,0.8967593372984648,1.562348898911438,0.0197656859766683,0.0102676008960109,1.2083286723755409,3.563566279207668,,1.3300882279363542
TIC 7561203,991.01,0.3292616883116884,0.1720054112554112,False,False,2.4843822505924145,0.064,1538.4493107991614,24.27311454021844,19.64338781017859,28.0,34 61 88,9.114774944120438,2.13,10.1137,9855.0,0.7299241618537076,0.4794030024430514,0.0257609311066116,-0.0359849175317886,1.2428591419627133,1.6822188971580958,0.3975989826720216,0.9606396153901762
TIC 375542276,1163.01,0.3279110500610501,0.3450459096459095,False,False,3.07714891650869,0.084,4686.166671363679,142.30161950337342,129.72252294644693,24.0,40 41 54,,,9.47751,9311.3,0.771753707487612,1.10200728431888,0.0272979963853376,0.0230670541065134,1.0932693111987548,1.4102499206303094,,0.078305437820051
TIC 5972036,6976.01,0.3276251803751803,0.2192682539682539,False,False,1.7343709159754666,0.052,569.8500255901795,12.209987108915374,10.483892753147757,26.0,89 99,3.880532321232399,1.49,9.9853,6850.0,0.7421395885250924,0.904298696556003,0.0299820525823067,-0.0279832248848617,1.1805683659495676,3.337452910031552,0.4362062571920289,2.011119824690844
TIC 233680651,2166.01,0.3274946997446996,0.225711111111111,False,False,5.131961402398316,0.164,365.2983290881595,8.994739983901736,8.96335580882609,11.0,47 48 49,4.149556381265066,1.99,10.0788,6515.0,0.7354193378983955,1.3606455270614148,0.0319565926437712,0.148624169466853,1.0090147084214338,2.324024366453091,0.6965136945056929,0.6971602590479508
TIC 24695044,2195.01,0.325838827838828,0.2903364357864357,False,False,4.164611153625007,0.064,7730.740563803962,83.20119842785189,82.19208539241188,15.0,27 28 29,8.954123978593042,0.933443,10.9916,5101.7,0.8721824648016274,2.338746872784444,0.0153675811832498,0.0177408922927824,1.0111024098875254,1.2171488725777568,,0.1345657462352185
TIC 406976746,1063.01,0.3236198357198357,0.412675036075036,False,False,10.07153458424566,0.156,355.1231510626751,9.893766757884103,7.588976680350274,7.0,12 13 39,1.627788317308365,0.791742,9.0689,5552.0,1.3230671605759714,3.326550311169726,0.0154891986613462,-0.1542064221795359,1.2991955861776887,30.350292739129884,1.1829674235417855,10.45332259800976
TIC 284760740,4046.01,0.3135641414141414,0.1849238095238094,False,False,0.7591395838683451,0.04,1076.0492565240477,13.269938589426545,14.07725771760638,24.0,51 78,5.582971679447064,1.56,10.6525,6209.0,0.6812296573181146,0.4907452762725268,0.0526912320869531,-0.1270256617031736,0.9355932007812684,1.4743436767814264,0.3938908360661294,0.4102363176828057
TIC 363914762,812.01,0.3132275474525473,0.4759587301587303,False,False,13.86656674725282,0.2,7357.975612306777,84.58275018567029,75.13017810697016,6.0,32 33 34,14.692766440898938,1.57,10.9582,6707.0,0.9423476176372294,0.4526064957370707,0.01442318085258,,1.1258159146813356,4.952626777667149,0.7874175563459754,0.4182694451922928
TIC 155258153,6195.01,0.3012067821067821,0.2179801587301587,False,False,3.1992747816993123,0.04,1699.4412282628214,10.79285763653792,11.753147944175629,5.0,84,6.92625611215165,1.54,10.5489,6442.9,0.4176138672792761,0.2659159576700775,0.0125028335261511,-0.1869954921703499,0.8997283814995065,0.5715493897547989,0.2544879369723244,1.0096798129101
TIC 45655786,2809.01,0.3004358696858697,0.3521546398046397,False,False,3.1661770529130373,0.096,5224.812055628747,89.1547635563381,85.25617711597265,24.0,62 63 89,10.549182704590567,1.3377,10.9095,6225.0,0.8266813144409986,0.2105985994748018,0.0303204774703535,0.0014827653481305,1.0735771543909054,1.640143901009247,,1026.918266475945
TIC 271017537,7336.01,0.2995341991341992,0.4757657564657562,False,False,0.5420362176933304,0.04,144.50911952845755,9.787171530031817,8.996751744653256,85.0,84 85,1.009864494473545,0.77,8.715,4954.0,0.64425348855918,0.4072192992010497,0.0737958068009229,-0.0857890466983307,1.0748879899371455,0.9796101512144392,0.7876832527061542,10931.97783687772
TIC 296461391,5271.01,0.2914655844155844,0.240679797979798,False,False,4.310729539879755,0.156,997.1564411409562,17.870744053050913,18.50382483914653,17.0,75 76 82,4.857642087557477,1.41,10.7988,6358.0,0.9859090928615342,1.184605345734742,0.0361887700345847,0.0418022363045872,0.963475061135534,0.9336165303029522,,1224.3305026732312
TIC 421184129,7720.01,0.2914369408369409,0.3206272727272728,False,False,8.03206926046564,0.2,1860.0233633498945,16.75234720363172,17.964469127773715,3.0,99 101,14.958456168957806,3.17909,10.8967,5790.0,0.9372991058645932,0.6753430552368612,0.0249001836904485,-0.0387578715009484,0.9334268079590464,2.4836546498469034,0.420034088229721,211172.1207399173
TIC 25911962,4546.01,0.2895521645021645,0.1571936507936508,False,False,0.7456934321112781,0.04,857.3931397554136,15.593220988384422,15.253387196947218,53.0,70 71,6.261390991578396,1.96,10.0376,6984.0,0.6048625227053136,0.1874243037975303,0.0536413468021948,0.1364311203115902,1.0118080283005206,1.5281353055612863,0.3427039886959026,0.1749237003695836
TIC 214361331,901.01,0.2877220057720056,0.2819652014652015,False,False,3.23109437680548,0.04,2169.091562127856,35.67907184393465,31.26443106064895,18.0,93 103 104,7.034167979148218,1.38436,9.6877,7062.0,0.3500119032284311,2.5961551567524155,0.0123797064818475,0.0083526902835752,1.1257059088919772,1.5985580282282636,0.3349487749318847,3.910803702231534
TIC 167403519,1320.01,0.2863224497724498,0.3787738317238317,False,False,3.972975268393167,0.156,5346.721957976808,128.94988377106918,112.70851571523858,20.0,75 76 82,,,10.334,,0.8793368760469139,2.209847798860644,0.0392652834365849,-0.0013933174839428,1.1423140732074637,1.741131139954134,,1013.537207782261
TIC 355058141,7509.01,0.2852484126984127,0.14877326007326,False,False,0.7107586265754452,0.04,936.017984578874,15.359928683617618,14.851738636031474,27.0,94,4.538975649344167,1.35985,10.2892,6052.7,0.4535808853037921,0.1715793986373577,0.0562778959050089,0.0151369485897709,1.0251943934225327,0.9011880369807378,0.4516342892160456,0.8813882939536994
TIC 421973253,4081.01,0.2826449494949495,0.3190808080808081,False,False,9.258303450774829,0.144,2141.4925054785704,26.5499595393321,26.71680810762256,7.0,52 58 78,12.805220945523008,2.53632,10.6675,5707.0,0.8162375439236675,0.1309015420448869,0.0155536055569607,-0.0340722731132244,0.99455396053781,0.2119769827696085,0.3596791836735727,1.058339523875766
TIC 443115574,2538.01,0.2754730158730159,0.231736075036075,False,False,2.912753230118017,0.108,1608.2110179976848,15.504577433717806,13.675882332278094,7.0,87,15.31314206139222,3.5,10.597,7340.8,0.7752458134310535,1.4723201881102037,0.0370783212540199,0.0824349501046702,1.1537401712149755,2.106147284638452,0.5032276251922133,0.8277005728000056
TIC 380783252,1059.01,0.2733364357864357,0.3654539682539683,False,False,9.449861901815664,0.064,23507.604443610664,162.68868329864404,123.01653635401236,6.0,102 103 104,15.723773939962689,0.94,9.7825,5509.0,0.6152787993097472,1.3041202982792768,0.0067725857441052,-0.0025281476297616,1.3328324887637206,0.5544895747213691,0.3953546335611917,0.2699384596474201
TIC 458647887,2586.01,0.2724835497835497,0.2284031746031746,False,False,9.583421534686307,0.076,1399.5821019978648,11.017137397005897,11.812837522622274,4.0,61 88,7.795739310059783,1.91,10.505,5781.0,0.6127624491295451,1.2157647752702938,0.0079303617945767,-0.2480884941673971,0.9263470343586944,0.5175843698197639,0.2498965365311773,4.927079396192381
TIC 128531633,4334.01,0.2687248917748919,0.2555990620490619,False,False,8.219783139637306,0.108,935.118980848526,11.839796413068097,10.845100171024658,6.0,65 102,7.072843484768723,2.12,10.2591,6657.0,0.7985660081418116,2.257146315726273,0.013139032765865,-0.1495493043574609,1.0885619487596403,5.484313875635895,0.3722399485623667,2.100284002538271
TIC 255588086,6455.01,0.2646816017316016,0.2205860528360528,False,False,0.8970451412831015,0.052,2646.2791382624305,65.93999662823937,63.54446312801687,86.0,95 96 98,10.369213808009528,1.84758,10.9421,5811.0,0.5491216202892575,0.7197706811496034,0.0579680972638913,0.0169796596001909,1.05171831946263,0.7624685431999312,0.3499415069606236,0.3438410625784941
TIC 29918916,852.01,0.2616555555555556,0.3040530303030304,False,False,4.945619790335327,0.132,2496.774476776431,31.115826457975388,25.4782818432095,11.0,30 97,9.43106008575215,1.73,10.9495,5574.0,0.8132059871945008,1.2307356466571409,0.0266902846551109,0.1125845725691649,1.2173734689152076,5.42202239531403,0.5856205200226,2.8384772741447244
TIC 350023518,5169.01,0.2579511544011545,0.3449492784992783,False,False,8.046725613284071,0.2,297.83138189753976,15.400946074220087,9.962158229607969,9.0,45 46 72,1.468603576668915,0.78,8.1644,5002.0,0.7485248105401895,0.5538178483400543,0.0248548303510966,-0.1467179576067719,1.54455449528244,39.76974266429383,1.581405924713487,16.614180223581194
TIC 318828309,1960.01,0.2506084249084248,0.2144604617604618,False,False,5.341902830177888,0.2,1130.132107072468,33.870008779171364,23.402359209742247,9.0,64 99 100,12.029932790499334,3.28,9.1962,6466.2,1.0053952781775717,0.8317547677711148,0.0374398423854033,0.2035507230602344,1.4678958308782597,3.689597648777094,0.5767284168823538,5219.887095146303
TIC 152569268,6281.01,0.2497603174603174,0.2733936507936507,False,False,1.0542648985777463,0.052,494.0561205892813,13.741345372308077,11.987492979327977,42.0,90 99 100,2.109755584623296,0.87,9.9542,4160.1,0.6952759171905135,3.129612857579198,0.0493234670623583,0.0204527658404973,1.1608218160471635,1.5825327441588306,0.6703654782106736,17840.071157269682
TIC 126125073,3450.01,0.2489566378066378,0.1705960317460316,False,False,3.638703764895228,0.12,10832.398449029944,73.90609971081358,71.70560105448958,12.0,99 102 103,,,10.376,5095.6,0.852608551730971,1.7557430281163744,0.032978776991332,0.0333573364337347,1.0332849827484427,2.4069408354893307,,1278.1105742471427
TIC 9833284,3762.01,0.2487430735930735,0.1282215506715507,False,False,0.6842930104290721,0.04,954.5118715454936,14.809527002081106,13.423329820552418,38.0,73 86,7.314340123177875,2.17,10.6872,6779.0,0.4910862187306496,0.8462726362428113,0.0584544915560642,-0.0312407233019288,1.0890656951239792,0.9541267583528468,0.3132977983683216,0.2300422451089867
TIC 67418624,1598.01,0.2483767676767677,0.141681746031746,False,False,1.103175839212834,0.04,582.4141005011941,31.82889211168081,27.01676898321776,55.0,18 58 85,4.554983353610064,1.73,8.6344,6011.0,0.5360033039719196,1.26856906225003,0.0362589521798644,0.0006149203850326,1.168952529030906,1.2607019696077526,0.3135410010902175,3.9681151659392175
TIC 198077394,322.01,0.2465909923409923,0.2330640193140192,False,False,3.990578942541554,0.132,3391.673247168159,63.27041032535359,49.58081969831674,15.0,29 30 31,17.564499529515956,2.76442,10.7074,5868.2,0.8840756601466064,0.2637544792857888,0.033077907216122,-0.0112317272540551,1.2661841026762508,2.63048874460473,,0.071671271766767
TIC 283471501,5809.01,0.2462682539682539,0.3642909812409813,False,False,9.210461419800229,0.096,767.283031297361,17.203355044867187,15.103242144337583,8.0,75 76 82,2.659409523236063,0.88,9.3206,4115.1,0.9177387210079616,0.7201362616992192,0.0104229305812652,-0.0733748664179234,1.1486085193707982,1.493779630912637,,28595.03439018348
TIC 284418751,2588.01,0.2421578643578644,0.2350079365079365,False,False,3.587152253154792,0.052,2865.018660966667,34.85940840298472,35.025620469060804,17.0,61 87 88,10.219426554451,1.75,10.6713,6495.7,0.6168982899695764,2.085892993659047,0.0144961786760702,-0.0566042334341981,1.0401893682102208,1.4402680041458649,0.3244930166885337,4040.366488737489
TIC 1715469662,2183.01,0.240252380952381,0.2706761904761903,False,False,6.500988062626276,0.2,4574.889269900129,195.00570812927745,135.06604912944678,8.0,40 40 41,,,8.0348,5485.0,0.874967330042304,2.053662964500239,0.0307645542605724,-0.012360062598257,1.446118889071902,69.75021134619608,,0.7386575557187541
TIC 298372701,906.01,0.2377491341991342,0.1768571428571428,False,False,1.6647959329376925,0.052,1273.9130547733123,65.35962397444797,53.725265251434365,39.0,12 39 65,5.52946341644028,1.42,8.5097,5954.53,0.6360750209518302,2.41373910359857,0.0312350594875859,0.0147095438657189,1.23555100479276,1.7745900850722625,0.2891954956677914,0.4340697006443803
TIC 266500992,1655.01,0.2307982683982683,0.1927396381396381,False,False,3.278711869032241,0.108,1090.580993125534,17.408169562393038,17.808643116582815,10.0,59 86,4.143349353954183,1.15,10.3309,5411.0,0.8104110478246744,0.9980143764379212,0.0329397654670636,0.1871900478680893,0.9848177186486946,0.4929970309404534,0.8173750093932426,1.356578347033152
TIC 87090944,1677.01,0.2295765512265512,0.1580724386724386,False,False,0.6435839285859402,0.04,797.9418961332474,18.99924973801343,16.536000814236576,46.0,59 86,4.601344359851282,1.49305,10.1089,5919.7,0.3495992935020409,5.063035389984092,0.0621519559816954,0.1064006430348867,1.1325071762787382,2.1886311820831392,0.4190811318372222,0.1689529757388045
TIC 202563254,1139.01,0.2277230158730158,0.1508309523809524,False,False,4.477696389389633,0.2,1235.6343273588477,26.950275333150167,35.167658302343526,17.0,75 81 82,7.018120534103859,1.83,8.86193,7947.0,0.6951765080685965,2.126134410422996,0.0446658242559546,-0.0505572237573833,0.7750109258015943,3.2921591572674096,1.0905846543073376,585.916092352806
TIC 280095254,235.01,0.2270055555555555,0.1880872072372071,False,False,10.089457525880436,0.052,2435.350247015356,38.31686876927165,37.9414956956379,6.0,27 28 29,,,9.4688,5454.42,0.6263463124563453,0.2278492078893274,0.0051538945346283,0.0145882843793561,1.0140762958151954,1.921889582229336,,0.1144575008396377
TIC 13419950,1162.01,0.2259238095238095,0.2025919413919413,False,False,7.316683763377841,0.12,3543.1021028011764,66.36374805562389,62.63857876298353,10.0,75 81 82,,,9.65306,8730.0,0.9109750000592683,0.4448563319742838,0.016400872838134,-0.0024812602813893,1.0588667431457108,2.6045650847970347,,2729.9401566026127
TIC 192076548,2668.01,0.2258784271284271,0.1046253968253968,False,False,1.1161787624440491,0.052,1138.6982860164262,20.627283477227056,16.8821098255402,25.0,89,6.184980942373804,1.68,10.1782,6859.0,0.635708099995511,1.0039395783987586,0.0465875196246682,0.043328023219724,1.232318674034558,0.6572490433618089,0.4495592752025215,0.8843330438259972
TIC 179319057,1961.01,0.2254690476190476,0.1523825396825396,False,False,6.701868497216749,0.076,1309.9727803621563,17.550799012437945,15.544188350465529,7.0,38 102,6.002048139304936,1.52,10.0032,6231.8,0.6573458865252008,0.2164448912535282,0.0113401210470725,-0.0697094935678316,1.119584607384561,1.1520516976879172,0.3883873354066175,1.1175033968093395
TIC 280097543,375.01,0.2238041125541126,0.303425468975469,False,False,9.46884561822415,0.2,1217.1512618618374,20.75480652284798,21.03302131394525,6.0,66 67 68,12.461388335689463,3.2739301,10.4471,5001.6,1.0289778897453037,3.0457410209914144,0.0211218989160697,-0.0658939721557927,0.9849002148381626,2.6431304573935925,,9.393121732951506
TIC 11521555,2401.01,0.2218318681318681,0.238647619047619,False,False,5.86818221981231,0.132,2596.3995876646663,84.09818305164134,67.66557261296984,11.0,62 89 99,17.233449274009217,3.1,9.0982,6294.0,0.7296897955769174,2.237999562054687,0.0224941890104124,0.0112459877548211,1.28561943585657,2.754773410272135,0.3350298224207525,0.9577501156869896
TIC 174599051,970.01,0.2211920634920635,0.1473531746031746,False,False,4.985656855490801,0.164,988.0493198073382,20.58551502398313,22.87951908086671,14.0,34 61 88,3.653374076212719,1.06532,10.5248,5189.0,0.610522874853763,0.3551707969285981,0.0328943617167281,0.0631846751723264,0.9137857499565754,1.1511179106049172,1.1417586856602704,1.7909446696177247
TIC 420529106,6558.01,0.2205449494949495,0.2690225108225109,False,False,9.531368604993606,0.108,1611.9993656075194,13.68749178518099,12.17276993133236,4.0,99 101 102,3.153840169124307,0.72,10.3012,4504.0,0.6986896630909685,4.683789795221294,0.0113310065401748,0.1393173709952337,1.1348137907362323,7.407148988900431,0.8363584823139034,26712.07456670538
TIC 50120414,1588.01,0.2140729437229437,0.2548265512265512,False,False,3.5810896907512904,0.144,1034.3652744968513,43.2890544440049,23.850741422909422,17.0,58 59 85,20.912597384140103,5.96,8.951,9503.0,0.9679684366642638,3.7554474228316863,0.0402112240784982,-0.0114316221938743,1.825008079554197,7.789005685457431,,1.1846454633952728
TIC 234519192,196.01,0.2103623765123765,0.1247934343434344,False,False,1.163070177915524,0.064,560.457023895733,40.36294253710499,23.75524210202807,51.0,95 96 103,10.48518075672615,4.0595698,8.0674,6495.0,0.5951473603754458,0.007868817832877,0.0550267741493484,-0.0067080662122993,1.7026049690299885,2.455395648928145,0.2135219992460494,0.5069398680166948
TIC 97165413,6093.01,0.2072799422799423,0.1175371572871573,False,False,1.2709188384287555,0.04,936.1019956718452,21.46930755025756,20.799282457689525,37.0,87 88,5.007000043836757,1.5,10.0452,6004.0,0.6844666301595717,2.094573921890996,0.0314732922280483,-0.0927511291255215,1.02164870102231,1.1558715074594723,0.3360894888596163,2114.409748354361
TIC 26999884,7175.01,0.2069952380952382,0.2475268398268398,False,False,2.990607542352676,0.156,1971.0483478939664,14.863244236790406,9.733480150338584,7.0,84,14.629248581844784,3.0202899,9.54026,7465.0,1.2763284017788974,0.817189525736889,0.0521633139055339,0.1286970500989057,1.546313967983278,1.6329237320178012,0.5653532300146594,1.715898206611897
TIC 379717270,6705.01,0.2034661616161616,0.1954167388167388,False,False,8.445736989691214,0.052,4010.104973449557,27.75345566311081,25.47359086797348,5.0,65 99 101,19.985639183985565,2.8927801,10.2734,6392.0,0.7239195183971834,0.6278390152158326,0.0061569523255899,-0.0517840419031131,1.0956568236772637,0.190030065774104,0.1151198769068206,10.787484142040164
TIC 242120884,1966.01,0.2015535742035741,0.0727323232323232,False,False,0.6227252858292719,0.04,632.8641509047994,30.96609484157046,13.803980641512068,103.0,64 101 102,6.33589535724068,2.30849,9.0492,6390.7,0.5417262896252035,0.3326987952930285,0.0642337815891524,0.0114487210060668,2.1797307986317667,3.8533913513165694,0.2933029669567945,0.3748438155498451
TIC 322054600,1616.01,0.2003491619491619,0.121667316017316,False,False,1.3432819687752062,0.04,809.9829342222974,15.13444304802237,14.66589644314361,40.0,77 78 84,4.502261200545042,1.45,10.4505,6713.0,0.5029768410008755,0.2802728106063526,0.0297778135416138,-0.1129333676690939,1.013336378320301,1.1337279492950143,0.3715462592348847,0.8657477366832123
TIC 34729329,2731.01,0.1992499278499278,0.2830096237096238,False,False,0.995412073843942,0.108,342.2146711454799,9.353872188267363,7.133812827597916,20.0,87,1.6953264929432297,0.84,9.92029,5697.0,0.7734413896113921,0.7386596520745016,0.108497779801827,0.1757753832862125,1.3365358612303693,0.968957184982726,1.7131457887223087,4.39245294938318
TIC 220139435,2597.01,0.1990537351537351,0.1893873015873016,False,False,3.5981061176312408,0.156,1364.683579049508,26.21084480872217,8.341272249799866,6.0,87,12.292510072916723,3.05,9.536,7080.0,0.894461496489097,1.872813184266149,0.0433561420647316,0.078715178862035,3.1215864741462265,95.53495053938288,0.513804567081296,5.130566841550255
TIC 390988385,3505.01,0.1984166666666666,0.2078666666666666,False,False,2.915137339011387,0.084,3318.5786573620703,30.89033585313116,29.16001400543149,15.0,54 81,8.421813249065696,1.34,10.9372,6220.0,0.7697792142422895,0.4510729914693266,0.0288151089404545,-0.0160808897045965,1.059766543177191,0.8810612997166898,,0.0793224885725955
TIC 400503123,7447.01,0.1982139249639249,0.1095880952380952,False,False,1.5054031761823288,0.064,4193.250263274995,43.680237648385074,16.07822055826856,18.0,58,12.99924009026405,1.84,10.6796,7284.0,0.5946426489050858,1.5927666064105592,0.0425135279455851,-0.0148150194117789,2.719019515828329,6.236002951671565,0.4727712457288223,0.17668577460472
TIC 421894914,1056.01,0.1966046897546897,0.297213492063492,False,False,5.307950645909384,0.12,393.18094180007535,10.298687216922096,9.48229446050251,11.0,94 95 102,2.96294943519254,1.36963,9.6663,6124.3,0.679460392038226,0.7794099172903047,0.0226075952858527,0.2228326660710119,1.0940862705321386,0.6895330548182491,0.7818723077064166,13.131450086232476
TIC 176796997,926.01,0.1960922077922077,0.1142895382395382,False,False,1.8002110284570556,0.04,1722.2535989718235,29.681362747075347,28.912939816617666,39.0,97 105 106,11.817178847111933,2.61,10.5926,5658.4,0.584364489993272,0.1493796491392925,0.0222196172380321,0.0,1.0126757750746838,0.8070225817955642,,0.4676417991137592
TIC 173612049,1537.01,0.1924385281385281,0.2095611111111111,False,False,6.489715420377939,0.2,1300.7053617341005,21.56034648457357,16.593952121062326,9.0,16 17 57,3.777334531362666,0.96,10.473,5999.0,0.8275724097686789,3.6521215819363375,0.0308179923224357,0.0923740070874028,1.3262189485159293,41.070240182089,1.527550809124494,2.933199116763161
TIC 268143410,5536.01,0.1900917027417026,0.1583798701298701,False,False,3.148132277236671,0.096,614.4985671836523,8.403750646129705,8.196004528656578,12.0,70 71,8.708453948581095,3.22,10.4756,6555.0,0.9159786371161164,1.596635256721605,0.0304942713793035,0.0637719567835212,1.0334495983511949,1.6820343178614414,0.2983776226667632,12.516087319101633
TIC 38696105,281.01,0.1883436507936507,0.1328444444444444,False,False,5.576700823840395,0.064,545.398173535494,7.0015012215978425,7.300103515829179,11.0,28 29 30,3.873590815177578,1.52031,10.5041,6002.18,1.067368589138061,0.6977228372121953,0.011476319426425,0.2404527183541809,0.9657195398721864,1.4641098090851183,0.3253779401366761,1.7887517953088463
TIC 121070864,6913.01,0.187715873015873,0.1230335775335775,False,False,0.5840627602069658,0.04,802.3004273702838,11.232934881248068,10.750738576445888,23.0,86,4.511761335507717,1.46,10.4371,6870.8,0.464665894857399,1.8590898662672688,0.0684857907835551,0.0620862702216026,1.0393475614580534,0.8680203787292182,0.4930835319428398,3.376722354605303
TIC 329672278,4960.01,0.1850150793650793,0.1944975468975468,False,False,4.055732122789386,0.064,6658.278519206972,58.05434930178025,51.73439855044321,19.0,65 100 102,19.58521801878696,2.2,10.7133,6664.3,0.708308032461914,0.2206275431322103,0.0157801348960845,0.2243010220691564,1.1436839717159788,1.8224998977095497,0.2514667817730822,0.124597577694646
TIC 439444938,2232.01,0.1819024531024531,0.1549349206349205,False,False,11.46183592007976,0.084,1216.0123311297789,9.602938062876843,8.829116251683253,5.0,67 94 105,,,8.776,,1.031335487288428,0.993309453432021,0.0073286688612286,0.0887404870593324,1.125298047050873,2.416696078279325,,16.78832932265727
TIC 47617161,1973.01,0.1811258408258407,0.1651587301587301,False,False,3.91948026079373,0.076,5136.707755363012,68.523077125285,69.79771157539405,16.0,38 65 102,,,10.7565,5149.0,0.8369769886999981,0.7729010889732185,0.0193903259981233,0.0505030516831672,1.0023335362440018,1.9604844832160884,,0.1731273999654128
TIC 29017001,4598.01,0.178145670995671,0.1255912698412699,False,False,8.200445425038794,0.064,1370.0513530928715,21.404261283015973,21.60929754602084,7.0,44 70 71,7.107319538803794,1.76,9.58025,6011.0,0.5675872646562813,0.4625638301770707,0.0078044541098445,-0.181117997751914,0.9899827302364064,1.1274942629328828,0.2459581596095659,8.374654573511169
TIC 48476908,659.01,0.1752444444444444,0.1884087301587302,False,False,4.719270803936574,0.052,3414.171383925524,26.72857308322635,26.42694554939316,12.0,9 35 36,9.05223362527537,1.42,10.245,5990.0,0.5646365128661067,0.7859544393503808,0.0110186514316203,-0.1038610651539192,1.0412858966747196,1.3594518329205043,0.2619993577893254,1.2189020963343518
TIC 401980624,4372.01,0.1742931457431456,0.2439554112554112,False,False,3.275174187704817,0.096,810.4414117260372,15.664128019229366,15.780681245097613,19.0,100 101 102,3.199062960528773,1.03,10.4286,5496.0,0.9098811938105362,3.227281465587556,0.0293114181103372,-0.0898357644510617,1.0089987114261545,1.915284937186532,,8.14479253246806
TIC 21130820,4548.01,0.1741632034632033,0.2112331890331889,False,False,4.600356046476412,0.052,1028.4984107978846,16.328132981834184,15.168703094562249,13.0,58 70 85,5.563187370332105,1.59,9.962,5970.5,0.91081221965671,0.1182263124348438,0.0113034729213685,0.0033556873846331,1.0996894320853017,1.7775873709688488,,7.079813022812549
TIC 319312479,952.01,0.1739585858585859,0.1124444444444444,False,False,1.7891116883269966,0.064,833.5680990712025,12.733806647005212,11.490393013291886,11.0,31,7.339242107113929,2.33,10.0716,7110.0,0.664782548231079,1.2353570215900882,0.0357719422535585,0.0707517228325788,1.114615009316465,0.743008626928787,0.3472536454135879,0.727882991807921
TIC 238059180,386.01,0.1724357142857143,0.1536054112554112,False,False,5.11203360940729,0.052,1145.56165099855,18.10203683981885,18.19439805664636,14.0,32 33 34,9.859281014895435,2.67,10.0139,8562.0,0.8166818701540598,0.4007925658159491,0.0101720770975191,0.138570851998849,1.002357819617697,1.6586107737489066,0.1914695223915827,1.2477974855413054
TIC 1716467085,2149.01,0.1679905483405483,0.0581492063492063,False,False,0.5842559127615583,0.04,1082.4905226756166,33.592357215292,20.438691643173907,115.0,53 54 55,4.809961501415088,1.34,10.1099,6020.0,0.4741824084765145,1.8109123815345392,0.0684631496683277,0.0012114849701701,1.5958722625528616,2.3528826819393003,0.4698457658161271,0.2638860320535477
TIC 382980571,1943.01,0.1678671106671106,0.186580808080808,False,False,1.7427546284497395,0.076,1037.4306146608835,18.00993229093378,17.568963784879845,24.0,99 100 101,3.338319396609433,0.95,10.1598,5309.7,0.8718612513377412,1.4966826746101671,0.0436091224543787,0.0794596994719531,1.03102890829283,0.6897758641249367,,23190.94901331994
TIC 453105377,2850.01,0.1667037518037518,0.1613246031746031,False,False,6.632782455154463,0.04,3038.1347262963263,21.320268058704563,16.974383208155288,8.0,87 98,5.291891571728124,0.88,10.7599,4608.0,0.4354854096284164,2.0463781274373063,0.0060306515810593,0.0627164442289883,1.2407775675824535,2.576274637268928,0.2740302332881515,2.2100058794271966
TIC 361413119,1035.01,0.1665526362526362,0.1996104617604617,False,False,6.074453721571819,0.076,5628.582539410343,85.05495550690333,60.70006754844346,12.0,36 37 63,19.892917002462,2.4303801,10.1126,5964.0,0.6085138378536111,1.2528308475258685,0.0125114131218262,0.0905630628955976,1.4070474034947864,2.137007764533536,0.2320337080920878,0.0672073291041515
TIC 144645881,4333.01,0.1664396825396825,0.1352445665445665,False,False,8.902137979513773,0.052,1424.5624713007387,20.4134492379629,18.588212138239903,6.0,65 102 103,7.214801547506622,1.7521,9.326,6606.0,0.6804872102363073,0.1103900412902436,0.0058412934195882,-0.0076749717968179,1.1044952167440116,4.175671115863268,0.2102730290532564,3.075462396232425
TIC 31054498,2541.01,0.1662018925518925,0.0816489177489177,False,False,1.4118249997784245,0.108,653.2710380682261,23.61444217673992,22.09823882247888,35.0,98 106,9.8155381741079,3.52,9.9048,7839.6,0.8444774335887777,0.0663783795972038,0.0764967329640357,0.2900865944933638,1.1321810772734553,1.2266095378910709,0.6593467593232095,1.2740274264282927
TIC 429791387,4392.01,0.1655722222222222,0.1187133699633699,False,False,3.969366252535372,0.064,1064.236714457434,23.372438563452054,22.06317224994191,18.0,65 102 103,8.64868625855053,2.43,9.2752,7030.0,0.721677992523117,4.348732502895119,0.0161234806586872,-0.0415862604038164,1.081197169329395,2.87996113671036,0.2546060911285213,2.2812563996003656
TIC 385858569,3363.01,0.1614018759018759,0.1600681096681095,False,False,9.74354979161706,0.096,1256.4204224823072,15.72790694650855,14.870775195896362,7.0,62 63 89,,,10.2509,8582.0,0.9072792762019296,0.6690216184083804,0.0098526719781936,-0.1084928105778278,1.0612929366438693,2.6015752892297086,,204.75967024904023
TIC 259353953,993.01,0.1608961038961039,0.0485857142857142,False,False,1.4605997208628012,0.052,1105.064602974326,29.42314421958796,25.645840395205045,49.0,34 61 88,6.056685955860996,1.67,10.0634,8035.0,0.628645173830964,2.483362143457682,0.0356018142802894,-0.0028631260293068,1.154529935415862,1.5603687231087984,0.4515634125481514,0.6352443311349937
TIC 145879095,616.01,0.160029304029304,0.1495189255189255,False,False,2.8056581639355183,0.096,3132.149618517155,82.47139379731462,77.3168362416989,22.0,35 36 62,,,9.9794,,0.7503921626081663,0.0838045678471938,0.0342165703698343,0.0015031995204008,1.077752738229145,3.111301547114862,,0.8760546722234889
TIC 250839071,6040.01,0.1564473304473304,0.2489079365079366,False,False,3.493226593560769,0.176,6616.769196227224,124.12025000383508,105.6408897394272,5.0,85,15.974241604633596,1.8,9.8781,6558.7,0.8602044526671939,1.04305938839,0.0503832188625923,0.0241653505265288,1.174550184413213,0.995999917456406,,0.2422617891782542
TIC 72504017,6545.01,0.1551388888888889,0.120675974025974,False,False,5.617754252181577,0.076,522.6145415986316,10.253380015038829,9.892525704341365,11.0,37 100 101,6.185391258662079,2.48,9.74,6315.0,0.5627604851272893,0.0661631627366775,0.0135285376661833,0.1160396924501988,1.0301831825522765,1.8462754668410823,0.243934606548536,2.425996778276489
TIC 293617835,1719.01,0.1545421356421357,0.1699961038961038,False,False,2.755274813923372,0.052,378.354233590672,22.0377246078492,15.473889450404611,24.0,20 21 47,8.849324168953233,4.17,7.7649,6096.4,0.6988908410228053,1.6272139244736374,0.0188728905505997,-0.1365319836517602,1.4285141962907872,1.6170853629772188,0.1231310686770713,4.595507589218974
TIC 27863043,5953.01,0.147042784992785,0.1550141414141413,False,False,7.519841372525707,0.2,814.2642199443495,13.702532169557635,13.138677297058669,3.0,83,6.59999014909888,2.12,9.77894,5242.0,0.8179715739715254,0.4273739414484971,0.0265963057054254,0.0262295989970239,1.0419723802251486,0.7732893159636198,,8.262260798173223
TIC 435336785,4543.01,0.1456849206349206,0.156395238095238,True,False,5.774803665468571,0.144,4182.082080843475,208.3779379648963,42.86226328134969,7.0,70 71,22.50669418151672,3.19,6.7943,4837.8,0.8263461947356732,4.17298097191843,0.0249359126893045,-0.0233112376620098,4.875036195015734,23.964607082266287,,0.8909329481340206
TIC 81419525,580.01,0.144631746031746,0.0697595238095238,False,False,1.5498429208225537,0.108,3499.793052626598,128.96705112809295,51.99975086945759,39.0,34 35 61,10.197718510703996,1.58,9.5518,11159.0,0.6074410760250482,2.7690915050710667,0.0696844812780644,0.0343023231120357,2.4933028508487327,12.085504458476706,1.117480952920632,0.2235521925579644
TIC 400683848,4243.01,0.1446047619047619,0.0882229437229437,False,False,1.0883234558358512,0.108,511.2415295025485,16.2402799326828,12.757153449596256,68.0,62 63 89,10.400245148408231,4.2160501,10.7492,6127.0,0.7658936524151206,0.2540899123881031,0.0992352038549551,-0.1462368841051423,1.2602774899485911,1.7974350964428178,0.3446147026975337,1357.210398878975
TIC 1989628303,2244.01,0.1414954212454212,0.1558555555555555,False,False,5.462792658032126,0.04,3633.890091516823,45.09997455105052,39.80835370236802,12.0,94 104 105,12.824642153880491,1.95,9.1984,5286.9,0.6989018790019719,2.5355236502375726,0.0073222621658881,-0.0158522510168079,1.1600959506091648,2.968060204837204,,0.3360372272129556
TIC 258829450,1654.01,0.1410087301587301,0.0884968253968253,False,False,1.8343119130083951,0.096,189.28321181566065,6.885603796076933,7.268401090952175,31.0,47 48 49,,,10.1556,5286.9,0.7875937007080235,1.078791112829472,0.0523357010981592,-0.0044220238190126,0.956505350588186,1.143897405669798,,3.420178629053823
TIC 190721237,2670.01,0.1390523088023087,0.1725681818181818,False,False,12.926701519104808,0.132,4372.975773212717,62.62419313050128,48.64498647019139,5.0,35 62 89,10.047869368170035,1.39271,9.5986,6332.0,0.8295751796577685,0.2451772222274623,0.0102114216689317,0.0121226884169004,1.2818690024555863,2.8973569684554694,,0.8896248676851369
TIC 4959676,3350.01,0.1364165445665446,0.1523476190476191,False,False,2.235937560104663,0.064,1109.5318431572075,19.0254825858529,18.656415483037364,30.0,62 89 99,3.27067314808749,0.9,10.6418,4793.8,0.623128465699817,2.158416420935293,0.028623339552024,0.2704050502711738,1.0241109068220149,1.1979666833959068,0.6597973161338355,1.3260973208321178
TIC 161738745,6544.01,0.1357327561327561,0.1228404761904761,False,False,3.624097784847661,0.108,822.9393406448127,19.98846026555167,14.2960951475874,13.0,99 100 101,6.071701223867707,1.94,9.6235,4935.7,0.7663813771049354,0.3134683862436448,0.0298005204085683,-0.0212562668328235,1.426043426078187,3.876444121244482,,30050.71747499381
TIC 372757221,1187.01,0.1349632756132756,0.0805103174603174,False,False,2.5941790154301154,0.052,779.3585180504436,16.347930140918702,14.55614117189762,27.0,40 41 47,4.264041565226886,1.4,9.9002,6389.0,0.7284348766299833,1.610217916642684,0.0200448772774373,0.2876771493334356,1.1350059046015055,1.7890896658322868,0.3894263331810663,0.886337176726674
TIC 860207014,5670.01,0.13252886002886,0.1928436507936507,False,False,14.6171114074072,0.2,9005.947045017781,73.12092115065299,58.55693893407744,4.0,35 36 62,17.186899328635747,1.66,10.3918,6488.0,0.9260840100358628,2.479902699489135,0.0136825939425111,-0.013641474247826,1.256355219862438,47.61551990769963,,2.000926049371657
TIC 184295571,3560.01,0.128465873015873,0.0689706349206349,False,False,1.9805258553964689,0.108,2437.867259339921,50.03859129224611,38.10329472969927,38.0,74 81 82,6.948954824063156,1.29,10.7978,6381.0,0.638283025428859,0.6126235970089003,0.0545309720172172,-0.0080086578851672,1.3094499527453085,1.5322359329868085,0.9522806890554376,723.8943279516234
TIC 66620917,4391.01,0.1266579365079364,0.1288419413919414,False,False,5.291014504515279,0.188,2246.2800036107124,59.56548568695869,30.55159422001449,13.0,65 102 103,,,7.301,,0.8446710581678156,0.4121184831453566,0.0355319381263391,-0.0089210128431481,1.9627009504976904,6.407052444171723,,0.6647025785675345
TIC 148479278,520.01,0.124586507936508,0.1230087301587301,False,False,0.5232813575635713,0.156,140.72280467969378,16.120822951485454,11.460562666615608,121.0,6 7 33,1.979491465153806,1.52949,9.3777,7450.0,0.67458267068156,1.520540399470741,0.2981187801651203,0.2713967340206349,1.4431501103265314,1.9417806525754624,2.05643629849665,1.6579940922504908
TIC 288348498,1551.01,0.1244934343434343,0.0904078144078144,False,False,1.6752429299303138,0.052,1483.7072332652967,15.078359368797624,11.62590266798338,9.0,85,7.480297315141922,1.78,9.967,6745.5,0.5735470261337146,0.1487741928890848,0.0310402742616935,-0.1116939937790592,1.3394760884199888,2.397290946782124,0.3650077137561946,2.450709019425714
TIC 258738667,5950.01,0.1235301587301587,0.0755396825396825,False,False,6.439581501831528,0.076,2653.5349741294567,29.37275738385404,28.54647689437259,7.0,82 83,,,10.447,,0.6530856636991402,0.7414999003975938,0.011802009180004,-0.0258047447484476,1.0214238534643438,1.2507382995868366,,1652.6434570125664
TIC 952046774,4175.01,0.1191991452991453,0.0853338605838606,False,False,2.1632768364005805,0.064,994.0150613613196,31.293538381364467,28.09141255765069,31.0,37 46 64,,,8.0935,,0.7362802147345409,0.4714049451236979,0.0295847479726579,0.0437865503317395,1.1179907413609087,2.469590303771568,,2.8827633437943248
TIC 463402815,1044.01,0.1174523809523809,0.0983055555555555,False,False,1.0085047861936804,0.064,3224.889821792698,80.2370707407685,57.69904951090775,65.0,36 37 63,,,10.0031,5215.2,0.6072695099259429,2.354113647587056,0.0634602838540312,-0.0066808219819865,1.3956487891776972,2.1664537416789904,,0.0642827202254638
TIC 401952328,3225.01,0.1170007936507936,0.107582683982684,False,False,9.149048803782216,0.156,5174.6245171740975,39.0140810507918,35.02425978030149,5.0,99 100 101,,,10.7188,4474.0,0.7484088791757231,0.4293174637051147,0.0170509528745228,0.0237261571858702,1.1183518463149211,1.965019250301714,,1120.9914148091636
TIC 381982417,3303.01,0.1167031746031746,0.1373485569985569,False,False,8.618769336299703,0.064,4028.5646193694015,33.68045655089171,33.080105643363154,6.0,100 101 103,16.411499494888755,2.37,10.5695,7400.0,0.6428479899245813,0.0602025305219178,0.007425654116354,-0.0394026642472682,1.018842033153603,2.6585148605977174,0.2076092678932212,1.462691555320884
TIC 71088556,2471.01,0.1129142857142857,0.0950691197691198,False,False,6.585684723080464,0.084,1487.072801774847,15.740348780353932,15.361331799363452,6.0,98 106,12.116672055402406,2.88,10.4723,5908.4,0.6838762124435498,1.925141090805564,0.0127549379498247,-0.1620977542024937,1.0183358591789746,3.253331431779067,0.2102548919086322,3.985595762959827
TIC 248058363,3550.01,0.112151443001443,0.0563182539682539,False,False,1.1238944892843474,0.052,1196.674454043589,25.012930577152684,22.64441695255206,62.0,56 82 83,7.774634496264669,2.06,10.813,7786.1,0.5762335016922697,2.616789413078719,0.0462676883780359,0.0515457517109709,1.1158819040619332,1.469787703801932,0.3940975368848232,3135.5652508072976
TIC 308191940,4374.01,0.1093301587301587,0.1244167887667887,False,False,13.268453469890982,0.108,923.0997379596762,8.231353101461094,7.558608139428884,4.0,64 99 100,9.447000197570048,2.85,10.1908,9635.0,0.6616066569238588,0.8507342589646305,0.0081396072454921,-0.067060392083666,1.0880836578066837,3.32377699772068,0.2853207330610952,78617.34563369416
TIC 160440924,1814.01,0.1088992063492063,0.047315873015873,False,False,6.366397506958285,0.2,502.7357431439672,8.31053826582563,8.86582159435037,9.0,47 48 49,5.845230597819605,2.3894999,10.8247,4971.0,0.9414170969298142,0.7275639039997697,0.0314149406758541,0.229425059653724,0.964598756822438,2.5185183654920817,,2.5668284994225017
TIC 297361900,4366.01,0.1087825396825396,0.0774619047619047,False,False,2.6374800879479414,0.096,483.55043493830686,11.757878232259076,11.277585041341244,27.0,64 65 99,4.702206647083687,1.96,10.1441,5355.0,0.676127576051137,0.0477320600900071,0.0363983790583577,0.1706764979205323,1.053759720044689,1.412043110387449,0.4559537343462969,1.8481372275217764
TIC 171160243,4620.01,0.1084974025974025,0.0523633699633699,False,False,1.3887497183523057,0.052,2748.132022754812,31.050457237271345,10.828186520743213,45.0,43 44 59,11.8961623352781,2.08,9.56967,7825.0,0.6353837468957855,2.476335996883872,0.0374437519682782,0.0270762199009208,2.893436529621336,6.218376226392271,0.3639112946901082,0.4213662592573962
TIC 320341952,4804.01,0.1050515151515151,0.0657190476190476,False,False,5.064761656477184,0.132,1143.216863351504,24.26061512042758,21.967877286783075,14.0,61 87 88,9.664743955569808,2.62,10.2278,6675.0,0.6479323694751746,0.8645403954769175,0.026062430762401,0.0978063095739413,1.1223056239346287,1.2690890128383536,0.4339287854836164,9404.982266698473
TIC 96973930,2241.01,0.1035984126984126,0.1336904761904761,True,False,3.325222275265975,0.096,1757.7703011892877,23.463102746011987,20.304887057250674,7.0,92,26.34682551291945,5.76,10.1738,4779.7,0.7995781730635712,0.1575932438024354,0.028870250483427,-0.0548913911204459,1.175253007903147,0.8717286918002083,,2.357256396450924
TIC 456844391,2601.01,0.0961433621933621,0.1365850427350427,False,False,6.020047757121311,0.076,8451.509724976659,67.17842942998729,62.20174070355915,8.0,61 88,19.357497300209666,1.93,10.8943,7668.0,0.6277653411262023,0.0842501766279345,0.0126244845666044,0.0061275958404495,1.0746660651794744,1.509508007956771,,0.4217273025592419
TIC 89389197,1137.01,0.0938642857142857,0.0606223665223665,True,False,1.3206767114388605,0.052,1146.5446956328008,48.43202383572777,23.02658787026525,52.0,74 75 81,23.29942245287876,6.3070302,9.00558,4919.6,0.6597061449086498,1.5263571848341584,0.0393737540380693,0.2139281046340673,2.12471315640241,2.100245583859464,,339.2089850908767
TIC 181304295,605.01,0.0913301587301587,0.0883223443223443,False,False,3.384060102162677,0.064,5550.733327952528,61.93666299840642,46.58889506205519,16.0,35 61 62,17.232004251377013,2.12,10.4349,8265.0,0.6928343110034276,1.180758093115212,0.0189121936572873,0.0085357628647124,1.333562090001927,2.4875081513359945,,0.5298677945156463
TIC 466113537,1954.01,0.0912153346653346,0.0605142857142857,False,False,4.907162860656685,0.2,1683.5127738332733,24.237799501335,15.8882038010082,9.0,90 99 100,8.867070540517247,1.98083,8.9718,7119.5,0.6987770590178134,0.0259059220554652,0.0407567479782473,0.2073616471636429,1.5245968043265634,1.4388650682658528,0.9838647503822936,18946.228505790303
TIC 302518439,1169.01,0.0880047619047618,0.1136936507936507,False,False,6.70763049569039,0.064,12580.45980405531,111.0988615502759,95.58686966880975,11.0,40 47 53,15.173811791249056,1.24,10.6405,6134.3,0.6354576340898762,2.4877600482779085,0.0095413723282938,0.0098365271708938,1.162224214941995,2.665664792265283,,0.0809799312238885
TIC 131730580,3367.01,0.0868455433455433,0.074458608058608,False,False,3.749873613706464,0.12,1305.5807065964764,20.97799960256031,15.089376516702089,19.0,89 90 99,,,10.6973,,0.7886133153329108,0.0576230162349833,0.0320010785327213,0.0924291116839326,1.4419587291435672,6.331444199933357,,6045.5734401606205
TIC 92359852,2690.01,0.0866037518037517,0.0605222222222222,False,False,4.153101279601451,0.108,21350.900373965364,37.62289823796471,10.229697297006329,4.0,106,,,10.732,,0.8570570051952944,0.3715009035821038,0.026004663197225,0.0928339879267106,3.7252153712953824,9.410985687509289,,0.108837092835006
TIC 369345064,4390.01,0.0853573593073593,0.0832103396603396,False,False,4.395448671335507,0.076,1935.520553371206,33.98447687702423,28.493145446223444,14.0,93 103 104,,,9.4148,5095.6,0.7750910019363078,2.929326875345135,0.0172906125592198,0.0523762222186611,1.1909360331026686,3.228809105408656,,3.977119765510722
TIC 220547837,3366.01,0.0839865079365079,0.1453594516594517,False,False,8.456215653247563,0.132,6331.347003591725,78.96934957664345,71.76772789490722,9.0,63 90 99,11.285379325615004,1.3,10.7038,6144.0,0.6345807999677461,2.0097267606943605,0.0156098194999681,-0.005799637813583,1.093804136858694,2.7958619124905173,,0.1251565627028177
TIC 112026224,1189.01,0.0813985569985569,0.0485404761904761,False,False,3.968786597933891,0.052,1296.546369090934,24.20211292443979,23.789709499036643,18.0,40 41 81,,,9.8744,5286.9,0.6207247707656363,0.2215580188965272,0.0131022413820563,-0.0756561796226095,1.0299349775703972,0.9093429614150068,,0.8510747381091469
TIC 22069559,4501.01,0.0800785714285714,0.0619302308802308,False,False,2.0349475173119083,0.12,281.7034555832043,16.131555511101723,14.500401227719768,20.0,74 81,5.383542776292216,2.94,8.46837,8279.0,0.6794042063201698,0.6936934501240558,0.0589695797946256,0.151524400244616,1.1796112884152083,2.491268127204074,0.5386984126837485,5.325070885863688
TIC 422923265,1641.01,0.0787928571428571,0.0579657509157509,False,False,1.8646742943667511,0.04,1247.991550857863,29.58919974020982,22.81077877735032,35.0,18 58 85,13.104169144228583,3.4,9.616,9898.0,0.7397758711211215,1.5481868079230472,0.0214514674872933,0.1159761664112548,1.2850920623998492,4.120957738827124,0.171916405420731,2.8758298964907145
TIC 456367532,5785.01,0.0787753968253968,0.0688198412698413,False,False,3.0781289885647007,0.108,3080.667884311605,32.585996722651664,21.1060668556748,6.0,81,,,10.421,,0.8165487496700005,1.1057118574764595,0.0350862489522764,0.1401322730042737,1.5675417615283895,4.076866379519112,,0.0787556596977483
TIC 77527511,613.01,0.0745555555555555,0.0601269841269841,False,False,0.7784856000939409,0.04,1566.9301176111094,37.94859032781803,34.932909928035656,42.0,35 99,9.457877387269692,2.19,9.94921,4949.2,0.6479693305998366,2.5500795706000003,0.0513818110382172,-0.0630088914838621,1.090993542073988,1.409382811526122,,1.4236032671018757
TIC 218483943,4395.01,0.0741620268620268,0.0531277777777777,False,False,3.759058602386823,0.132,696.6197796136609,24.341554409064383,21.302404924044897,16.0,66 93 104,9.012950562502342,3.13,9.087,9505.0,0.7125466852709406,0.3171023453622527,0.0351151748249378,0.1898900896508035,1.1507102712293855,1.9373902788642223,0.4802832243099616,3.1957649629651645
TIC 275758701,4496.01,0.066065873015873,0.066780303030303,False,False,1.188027755713875,0.052,3086.120213133814,117.31615652333116,65.5270735650818,65.0,76 81 82,,,9.159,,0.6687366614892333,6.896530417522087,0.0437700211547277,-0.0763047719616743,1.7963778514287696,2.140589687569248,,560.4843474924609
TIC 156724719,1653.01,0.0659015873015873,0.0909793650793651,False,False,10.956829369038791,0.12,4161.32435498695,84.37872212266613,62.137503657196405,6.0,59 73 86,17.594646406254913,2.5,9.353,7106.5,0.6287257310610015,2.1503417179690048,0.0109520734473687,0.0035017430186659,1.352501516290782,8.514616835796891,,0.203281659527978
TIC 167092385,1318.01,0.0643357142857142,0.0276358585858585,False,False,4.986437810433181,0.108,1116.5811152163974,21.79097633044345,19.814118931520955,15.0,75 76 82,,,10.151,,0.6267207706907962,0.1708744525951967,0.0216587480092563,0.1513386742223987,1.1058524451109797,0.9294615798651203,,5360.161412544003
TIC 85031598,1684.01,0.0632420634920634,0.0659626984126984,False,False,1.1549909184898766,0.052,698.813230249451,53.45062126259976,30.72831549845323,42.0,59 73 86,8.623359627437035,2.99,7.3543,4815.0,0.5423703046715069,6.837832541979753,0.0450219990196882,-0.0678883557720975,1.7458581335990755,2.4494811146537985,,0.6332689468228271
TIC 26693519,5114.01,0.0617712287712287,0.0442930014430014,True,False,6.155362051353483,0.096,1511.776874913107,18.89699701476973,17.0338427007534,5.0,71 72,23.88234646039107,5.63,10.0643,5234.4,0.6616140429021627,0.0933476529785431,0.0155961581461956,0.1462049271177701,1.1263306091328815,0.4403302630692753,,5.659357454602943
TIC 310009611,740.01,0.0612520757020756,0.080981746031746,False,False,2.1311354426663853,0.188,578.6131186016341,27.70747540649185,16.100380002669528,30.0,9 10 36,2.5456026993979544,0.97,9.529,5776.0,0.6364038649930353,1.6025856400687706,0.0882158854083823,0.3738238980482166,1.827786523542664,12.573321201456244,1.900778677451552,2.3071903425912392
TIC 309254930,862.01,0.0600047619047619,0.0623682539682539,False,False,3.310297009619459,0.084,4048.100765761897,61.02237998934029,14.130778407952745,17.0,35 36 37,,,8.9904,,0.8541884701948573,2.135682121979732,0.0253753665474435,0.0697409586410615,4.300932321339034,15.860704318021558,,0.6511275563608702
TIC 465540915,3029.01,0.0587531746031746,0.0397761904761904,False,False,2.0252738232262235,0.156,2575.3562968803267,45.89772063698082,43.802692989930485,38.0,63 64 90,,,10.8257,3600.5,0.6289975294900356,10.783742982828883,0.0770266213935925,-0.0026476040760943,1.050318120606382,5.244880407487822,,4555.422247180232
TIC 353038705,1389.01,0.0581357142857142,0.0183752747252747,False,False,3.0626079516422733,0.084,935.3015397438602,21.753163172345044,17.985965697124836,17.0,56 83,,,9.957501,5086.8,0.7047234970233887,0.160460299479604,0.0274276046187878,-0.0173261084173033,1.2004037964874477,1.908896557592596,,1.5571143023877436
TIC 448358913,3496.01,0.057945238095238,0.054845238095238,False,False,1.550548781851539,0.064,1835.1361995638804,39.98834803192668,29.701749692418765,41.0,36 37 63,9.440832036517188,2.02,10.3363,,0.5986598967003629,1.4022087056839574,0.0412757088000652,0.1157660024815754,1.3511287623742991,1.4529743013513583,,0.1861067001287729
TIC 107782586,1009.01,0.0572841269841269,0.0473001665001664,False,False,1.960029416430524,0.064,1682.523238180078,70.32302125503715,20.22071658838212,34.0,61 87 88,,,8.4331,8868.7,0.6064831122206373,5.865315954391994,0.0326525711621984,0.0278412293854525,3.486928593694344,12.35143386499866,,20780.67161893624
TIC 299023386,1995.01,0.0566556776556776,0.0413276556776556,False,False,3.10566633474826,0.084,1169.4710299818832,25.579716094468345,10.464027185369185,22.0,37 62 63,16.56542012296871,4.44,9.8153,7804.8,0.6473299613311082,0.1584168242246671,0.0270473357231432,0.2415671509161719,2.438702640763468,13.27593262682516,0.2789745991174334,6143.351075241422
TIC 395142888,1362.01,0.0542571428571428,0.0376133477633477,False,False,1.9173680408726952,0.064,651.6153143775183,17.789786718614778,14.066190098947004,32.0,77 83 84,20.58092216931889,7.39,9.7736,8129.0,0.690228814276144,1.3627752998076317,0.0333790897916866,-0.0051570721043452,1.2648010214106862,1.3033370674596385,,5442.809307867851
TIC 455791689,1544.01,0.0539611111111111,0.0249826839826839,False,False,1.2894533649585085,0.2,1186.3769513674738,51.786751449928914,21.392073431570303,51.0,57 83 84,,,10.4143,4630.4,0.5704255727948452,1.0796869071202475,0.1551044849198059,-0.3877862134343433,2.097136275536174,5.394302524623932,,8259.166193057255
TIC 463070290,3064.01,0.0524920634920634,0.0357842712842712,False,False,0.6771694112062651,0.076,1092.4928670554834,34.33396978756457,24.204084658426687,115.0,63 64 90,,,10.4321,3194.0,0.5753854499478868,0.5739567062388959,0.112231885761967,0.0002182346939515,1.4193253612607386,2.076741791407063,,5.8839058869011325
TIC 88863718,1001.01,0.0521722222222222,0.0381420634920634,False,False,1.9316477347964915,0.176,1352.8397939558402,76.0354826157776,58.09202031963041,30.0,61 88 99,8.06573581095988,2.01,9.42344,7070.0,0.6344586943944027,2.6900581844880613,0.0911139214617423,-0.0021751441456384,1.3038746043133989,4.326645456907571,1.0804449316574998,2.513871655256107
TIC 234160911,2600.01,0.0510417748917748,0.0342874458874458,False,False,5.343028921212517,0.096,2387.293886004449,18.558675372977262,12.068474134368907,3.0,87,18.65716867201692,3.5,10.276,4825.0,0.5668078456767274,1.4122567361348213,0.0179673367701356,0.01178717716412,1.5627658000184197,3.9331338148587935,,6.268465286958511
TIC 411930845,5109.01,0.046579365079365,0.0599143578643578,False,False,3.2099750118506805,0.084,1678.294266318936,17.04827366177365,15.746935704255648,5.0,71,21.0513384274354,4.71,10.2846,9124.0,0.658072960197029,1.2792602839108498,0.0261684280064132,0.246974340816494,1.0834575879895525,0.8435089072892319,0.2116263447289286,7.121517134085385
TIC 133334108,637.01,0.0457880952380952,0.0461142857142857,False,False,2.8579612073445624,0.2,457.1090226934693,30.442127446874128,26.72933289941603,21.0,7 8 34,,,8.9454,5637.0,0.7434738102858067,1.082541887651231,0.0699799561610661,-0.0053571814528986,1.168993187606682,1.675577919843572,,2.667930511336133
TIC 238061845,579.01,0.0442721611721611,0.0623301587301587,False,False,1.684185711248104,0.076,969.5463384852276,34.611657078601645,20.79364381676871,35.0,33 34 35,16.78170122457178,4.94,9.6668,4959.7,0.745152127974635,1.189893537263366,0.0451256648791293,0.0753135670323028,1.6757415125319148,2.900190817560948,,6.62874575774447
TIC 450649506,4371.01,0.0441310245310245,0.0174,False,False,1.0588828065245288,0.096,1220.8826416312268,32.82955681752478,24.78838577946828,40.0,99 100 101,6.175565390559102,1.62,10.2089,5801.2,0.6380720831248914,0.4622508388155284,0.0906615910736068,0.0036518192051471,1.3470327727457294,1.6363196818171668,0.8952580338090658,6132.723661011974
TIC 69819610,2324.01,0.0384357142857142,0.0617071428571428,False,False,1.03717054310411,0.176,311.9563909049772,28.364942958020336,23.35299155988777,56.0,28 68 96,2.8904333084785505,1.5,9.14425,6413.0,0.5359278077315751,2.8490442466270123,0.1696924398501098,-0.0201527618048547,1.1700055542055552,2.8654696246471416,1.6697962746836643,9.752622736410665
TIC 229888286,2057.01,0.0349801587301587,0.038529365079365,False,False,5.597936653779003,0.2,2325.92624623007,23.06883691368056,19.3251928898158,3.0,50 51 77,9.667351794122858,1.83732,10.7165,6081.3,0.7242987409014899,1.4585465006195646,0.0357274496604004,0.0722987241756467,1.1935999230738423,4.771508625315092,,1.42580647047575
TIC 229167359,2594.01,0.0329917748917749,0.0363865079365079,False,False,2.6818475677497475,0.052,1368.4015746567857,12.17287501116182,11.53912788058835,7.0,87,21.309117089161607,5.28,10.2626,8528.0,0.5324622543475637,0.6751250915723375,0.0193896180473939,0.2177545952641061,1.0617453452111922,1.453241450321623,,4.495309577100539
TIC 19612445,4837.01,0.0295992063492063,0.0446078643578643,False,False,4.464511750038845,0.04,2185.970947392146,22.00187664629264,16.067016649665575,14.0,62 89 99,8.67153267324929,1.7,10.5378,7013.0,0.7069647367851801,2.114639269409176,0.0089595463601707,0.1983427686901662,1.3495942209704308,1.771448914936005,,0.8321237526481149
TIC 146406806,594.01,0.0265619047619047,0.0481436507936507,False,False,13.951003100236957,0.132,7617.478577195747,64.76704270263089,51.63586631852632,4.0,34 35 61,,,10.3979,,0.6505904634493541,2.524783572383921,0.0094616852316345,0.0143373580743148,1.2441501158927062,4.296416858826356,,1.871467931228884
